{
  "Title1" : [ null, {
    "urlOfImage" : "https://lensdrop.imgix.net/photos/dtzdm/stock-photo-dtzdm.jpeg?mark=%2Fwm.png&markalign=center%2Cmiddle&markh=0.1&w=1200&h=650&s=2bb1414b8dcd1dc1dfc82ebc899f9a0f",
    "description" : "Описание картинки",
    "mainText" : "Основной текстОсновной текстОсновной текстОсновной текстОсновной текстОсновной текстОсновной текстОсновной текстОсновной текстОсновной текстОсновной текстОсновной текстОсновной текст"
  },{
    "urlOfImage" : "https://lensdrop.imgix.net/photos/dtzdm/stock-photo-dtzdm.jpeg?mark=%2Fwm.png&markalign=center%2Cmiddle&markh=0.1&w=1200&h=650&s=2bb1414b8dcd1dc1dfc82ebc899f9a0f",
    "description" : "Описание картинки",
    "mainText" : "Основной текстОсновной текстОсновной текстОсновной текстОсновной текстОсновной текстОсновной текстОсновной текстОсновной текстОсновной текстОсновной текстОсновной текстОсновной текст"
  },{
    "urlOfImage" : "https://lensdrop.imgix.net/photos/dtzdm/stock-photo-dtzdm.jpeg?mark=%2Fwm.png&markalign=center%2Cmiddle&markh=0.1&w=1200&h=650&s=2bb1414b8dcd1dc1dfc82ebc899f9a0f",
    "description" : "Описание картинки",
    "mainText" : "Основной текстОсновной текстОсновной текстОсновной текстОсновной текстОсновной текстОсновной текстОсновной текстОсновной текстОсновной текстОсновной текстОсновной текстОсновной текст"
  },{
    "urlOfImage" : "https://lensdrop.imgix.net/photos/dtzdm/stock-photo-dtzdm.jpeg?mark=%2Fwm.png&markalign=center%2Cmiddle&markh=0.1&w=1200&h=650&s=2bb1414b8dcd1dc1dfc82ebc899f9a0f",
    "description" : "Описание картинки",
    "mainText" : "Основной текстОсновной текстОсновной текстОсновной текстОсновной текстОсновной текстОсновной текстОсновной текстОсновной текстОсновной текстОсновной текстОсновной текстОсновной текст"
  },{
    "urlOfImage" : "https://lensdrop.imgix.net/photos/dtzdm/stock-photo-dtzdm.jpeg?mark=%2Fwm.png&markalign=center%2Cmiddle&markh=0.1&w=1200&h=650&s=2bb1414b8dcd1dc1dfc82ebc899f9a0f",
    "description" : "Описание картинки",
    "mainText" : "Основной текстОсновной текстОсновной текстОсновной текстОсновной текстОсновной текстОсновной текстОсновной текстОсновной текстОсновной текстОсновной текстОсновной текстОсновной текст"
  },{
    "urlOfImage" : "https://lensdrop.imgix.net/photos/dtzdm/stock-photo-dtzdm.jpeg?mark=%2Fwm.png&markalign=center%2Cmiddle&markh=0.1&w=1200&h=650&s=2bb1414b8dcd1dc1dfc82ebc899f9a0f",
    "description" : "Описание картинки",
    "mainText" : "Основной текстОсновной текстОсновной текстОсновной текстОсновной текстОсновной текстОсновной текстОсновной текстОсновной текстОсновной текстОсновной текстОсновной текстОсновной текст"
  },{
    "urlOfImage" : "https://lensdrop.imgix.net/photos/dtzdm/stock-photo-dtzdm.jpeg?mark=%2Fwm.png&markalign=center%2Cmiddle&markh=0.1&w=1200&h=650&s=2bb1414b8dcd1dc1dfc82ebc899f9a0f",
    "description" : "Описание картинки",
    "mainText" : "Основной текстОсновной текстОсновной текстОсновной текстОсновной текстОсновной текстОсновной текстОсновной текстОсновной текстОсновной текстОсновной текстОсновной текстОсновной текст"
  },{
    "urlOfImage" : "https://lensdrop.imgix.net/photos/dtzdm/stock-photo-dtzdm.jpeg?mark=%2Fwm.png&markalign=center%2Cmiddle&markh=0.1&w=1200&h=650&s=2bb1414b8dcd1dc1dfc82ebc899f9a0f",
    "description" : "Описание картинки",
    "mainText" : "Основной текстОсновной текстОсновной текстОсновной текстОсновной текстОсновной текстОсновной текстОсновной текстОсновной текстОсновной текстОсновной текстОсновной текстОсновной текст"
  } ]
}
