{
  "name" : "GLOBAL_NAME",
  "sectionsArray" : [ {
    "arrayOfSubSections" : [ {
      "arrayOfItemOfSubsection" : [ {
        "bodyOfText" : "<p>Продолжительность диеты - <strong>6 дней</strong>.&nbsp;</p> <p><br /><strong>1-й день (рыбная монодиета)</strong></p> <p>Можно есть любые сорта рыбы в вареном, запеченном или тушеном виде. Разрешена соль, нежные приправы и зелень. Допускается уха (без картофеля и прочих ингредиентов, кроме зелени), рыбный бульон.</p> <p><br /><strong>2-й день (овощная монодиета)</strong></p> <p>Ешьте любые сорта овощей в сыром, вареном, запеченном или тушеном виде. Можно добавить соль и нежные приправы, зелень. Допускаются овощные соки без добавок.</p> <p><br /><strong>3-й день (куриная монодиета)</strong></p> <p>Ваше лакомство в этот день - куриное филе (грудка) в вареном, запеченном или тушеном виде. Естественно, без кожи. Разрешается соль и нежные приправы, зелень. Допустим куриный бульон.</p> <p><br /><strong>4-й день (злаковая монодиета)</strong></p> <p>Питайтесь любыми видами каш, злаками, пророщенными семенами, семечками, зерновыми хлебцами, отрубями, клетчаткой. Можно использовать соль, зелень. Допускается квас.</p> <p><br /><strong>5-й день (творожная монодиета)</strong></p> <p>Кушайте творог, обезжиренный или с невысоким процентом жирности. Допустимо нежирное молоко.</p> <p><br /><strong>6-й день (фруктовая монодиета)</strong></p> <p>Разрешаются любые сорта фруктов в сыром или запеченном виде. Можно использовать пряности. К примеру, корицу, ванилин, цедру лимона. Можно пить фруктовые соки без добавления сахара.<br /><br /></p> <ul style=\"list-style-type: square;\"> <li>Каждое предыдущее меню подготавливает организм к меню следующего дня. Например, рыбный рацион в первый день немного \"усыпляет\" бдительность организма, снабжая его значительным количеством полиненасыщенных жирных кислот Омега-3. К тому же, рыба &ndash; наиболее \"легкий\" белок. Так, при небольшом числе калорий за день, рыбный рацион принесет не только хороший отвес, но и подготовит организм к овощным блюдам за счёт большого количества белка.</li> <li>На второй день овощи еще больше снизят калорийность за сутки, и при этом обогатят организм полезными растительными углеводами.</li> <li>Сахар и сахаросодержащие блюда строго запрещены!</li> <li>Желательно пить как можно больше чистой воды, а также зеленый и черный чай. Кофе лучше сократить или исключить вовсе.</li> <li>После того, как все лепестки будут оторваны, можно вырезать новый цветок и повторить диету, разнообразив ее новыми блюдами из разрешенных продуктов.</li> </ul> <p>Противопоказания: перед использованием диеты необходима консультация специалиста или диетолога.</p>",
        "descriptionOfImage" : "",
        "urlOfImage" : "empty"
      } ],
      "description" : "Диета \"6 лепестков\"",
      "urlOfImage" : "1"
    }, {
      "arrayOfItemOfSubsection" : [ {
        "bodyOfText" : "<p>Кефирная диета является одной из самых популярных. Ее принцип заключается в потреблении только кефира, хотя есть вариант быстрой кефирной диеты с более широким рационом:</p> <p><strong>1, 2, 3 день </strong></p> <p>Помимо кефира можно употреблять вареный рис.</p> <p><strong><br />4, 5, 6 день</strong>&nbsp;</p> <p>Помимо кефира можно употреблять вареную курицу без кожи.</p> <p><strong><br />7 день</strong>&nbsp;</p> <p>Помимо кефира можно употреблять яблоки.</p>",
        "descriptionOfImage" : "",
        "urlOfImage" : "empty"
      } ],
      "description" : "Кефирная диета",
      "urlOfImage" : "2"
    }, {
      "arrayOfItemOfSubsection" : [ {
        "bodyOfText" : "<p>Низкокалорийная и очень эффективная методика похудения.</p> <p>В ее основе лежит ежедневное потребление лукового супа. Он отличается своей способностью эффективно сжигать жиры, к тому же, стоимость такой диеты крайне мала.</p> <p><br /><strong>Ингредиенты для супа:</strong>&nbsp;</p> <ul> <li>6 луковиц;</li> <li>1 пучок сельдерея;&nbsp;</li> <li>1 головка белокочанной капусты;</li> <li>2 помидора;</li> <li>2 болгарских перца.</li> </ul> <p><br /><em>Приготовление:</em></p> <ol> <li>Все овощи шинкуются и заливаются холодной водой.</li> <li>Кастрюлю отправляем на плиту, где суп, после закипания, будет вариться 10 минут на среднем огне. Все, естественно, без добавления соли.</li> <li>Затем следует уменьшить огонь и довести суп до готовности.</li> </ol> <p><br />Данная диета минус 10 кг за неделю обещает, если кушать такой жиросжигающий супчик в неограниченном количестве. Кроме него разрешаются свежие овощи и фрукты, и, конечно же, много воды.&emsp;</p>",
        "descriptionOfImage" : "",
        "urlOfImage" : "empty"
      } ],
      "description" : "Луковая диета",
      "urlOfImage" : "3"
    }, {
      "arrayOfItemOfSubsection" : [ {
        "bodyOfText" : "<p>Гречка дает сытость и одновременно очищение организма. На диете с гречкой можно сбросить <strong>4-10 кг за неделю или две.</strong> Гречневая диета рассчитана на одну, максимум две недели, потом следует сделать перерыв хотя бы на месяц.</p> <p><em>Как приготовить гречку:</em></p> <ol> <li>Берем гречку из расчета как при обычной варке.</li> <li>Заливаем крутым кипятком и ставим настаиваться на ночь.</li> </ol> <p><em>Правила диеты:</em></p> <ul style=\"list-style-type: square;\"> <li>Варить гречку не надо.</li> <li>Гречку можно есть с кефиром 1% жирности.</li> <li>Гречку следует употреблять без соли и специй.</li> <li>Гречки можно есть сколько угодно, а кефир - не более 1 литра на сутки.</li> <li>Можно пить сколько угодно воды: простой или негазированной минеральной.</li> <li>Нежелательно, но можно добавить 1-2 маложирных йогурта или пару фруктов.</li> <li>Нельзя есть за 4-6 часов до сна, если голодно за 30-60 мин до сна максимум 1 стакан кефира, разбавленный пополам.</li> </ul>",
        "descriptionOfImage" : "",
        "urlOfImage" : "empty"
      } ],
      "description" : "Гречневая диета",
      "urlOfImage" : "4"
    }, {
      "arrayOfItemOfSubsection" : [ {
        "bodyOfText" : "<p>Арбузное диетическое питание, рассчитанное на неделю, предполагает избавление веса до 10 кг. Но подход к диете и контроль допустимых норм ежедневных калорий, поступающих с питанием, индивидуален. Рацион питания можно разнообразить, употребляя диетические продукты и возможные их сочетания.</p> <div> <div id=\"content_rb_16571\" data-id=\"16571\" data-time-fetch=\"2258.800000010524\" data-state=\"done\" data-aid=\"50601\" data-thick=\"1\" data-time-fetched=\"2495.500000019092\"><strong><br />Понедельник</strong></div> </div> <p><em>Завтрак:</em></p> <ul> <li>100 г риса, приготовленного на воде;</li> <li>200 г арбуза;</li> <li>зеленый чай<em>.</em></li> </ul> <p><em>Обед:</em>&nbsp;</p> <ul> <li>200 г отварного нежирного мяса;</li> <li>200 г арбуза.</li> </ul> <p><em>Полдник:</em></p> <ul> <li>100 г нежирного творога.</li> </ul> <p><em>Ужин:</em></p> <ul> <li>700 г арбуза.</li> </ul> <p><strong><br />Вторник</strong></p> <p><em>Завтрак:</em></p> <ul> <li>100 г овсяной каши на воде;</li> <li>200 г арбуза;</li> <li>зеленый чай.</li> </ul> <p><em>Обед: </em></p> <ul> <li>200 г запеченной нежирной рыбы;</li> <li>овощной салат.</li> </ul> <p><em>Полдник:</em></p> <ul> <li>кусочек твердого сыра;</li> <li>1 яйцо.</li> </ul> <p><em>Ужин:</em></p> <ul> <li>700 г арбуза.</li> </ul> <p><strong><br />Среда</strong></p> <p><em>Завтрак: </em></p> <ul> <li>300 г арбуза;</li> <li>зеленый чай.</li> </ul> <p><em>Обед:</em></p> <ul> <li>100 г овсяной каши;</li> <li>овощной салат, заправленный оливковым маслом или лимонным соком.</li> </ul> <p><em>Полдник:</em></p> <ul> <li>100 г нежирного йогурта.</li> </ul> <p><em>Ужин:</em></p> <ul> <li>700 г арбуза.</li> </ul> <p><strong><br />Четверг</strong></p> <p><em>Завтрак:</em></p> <ul> <li>100 г гречневой каши;</li> <li>200 г арбуза;</li> <li>зеленый чай.</li> </ul> <p><em>Обед:</em></p> <ul> <li>200 г запеченного куриного филе;</li> <li>овощной салат.</li> </ul> <p><em>Полдник:</em></p> <ul> <li>кусочек твердого сыра;</li> <li>1 яйцо.</li> </ul> <p><em>Ужин:&nbsp;</em></p> <ul> <li>600 г арбуза.</li> </ul> <p><strong><br />Пятница</strong></p> <p><em>Завтрак:</em></p> <ul> <li>100 г риса;</li> <li>кусочек хлеба из муки грубого помола;</li> <li>зеленый чай.</li> </ul> <p><em>Обед:</em></p> <ul> <li>200 г отварной рыбы;</li> <li>100 г гречневой каши.</li> </ul> <p><em>Полдник:</em></p> <ul> <li>100 г низкокалорийного творога.</li> </ul> <p><em>Ужин:</em></p> <ul> <li>700 г арбуза.</li> </ul> <p><strong><br />Суббота</strong></p> <p><em>Завтрак:</em></p> <ul> <li>100 г овсяной каши;</li> <li>зеленый чай.</li> </ul> <p><em>Обед:</em></p> <ul> <li>200 г отварного нежирного мяса;</li> <li>овощной салат.</li> </ul> <p><em>Полдник:</em></p> <ul> <li>200 г низкокалорийного йогурта.</li> </ul> <p><em>Ужин:</em></p> <ul> <li>700 г арбуза.</li> </ul> <p><strong><em><br /></em>Воскресенье</strong></p> <p><em>Завтрак:</em></p> <ul> <li>300 г арбуза;</li> <li>кусочек хлеба из отрубей;</li> <li>зеленый чай.</li> </ul> <p><em>Обед:</em></p> <ul> <li>200 г отварной нежирной рыбы;</li> <li>100 г овсяной каши.</li> </ul> <p><em>Полдник:</em></p> <ul> <li>200 мл низкокалорийного кефира.</li> </ul> <p><em>Ужин: </em></p> <ul> <li>500 г арбуза.</li> </ul> <p><strong><br />На заметку.</strong>Учитывая мочегонные свойства арбуза, есть его лучше не позже, чем за 2-3 часа до того, как вы собираетесь лечь спать. Мочегонное действие арбуза просто не даст вам уснуть, если съедите его непременно перед сном или за полчаса-час до сна.</p>",
        "descriptionOfImage" : "",
        "urlOfImage" : "emrty"
      } ],
      "description" : "Арбузная диета",
      "urlOfImage" : "5"
    } ],
    "description" : "Монодиеты",
    "urlOfImage" : "0"
  }, {
    "arrayOfSubSections" : [ {
      "arrayOfItemOfSubsection" : [ {
        "bodyOfText" : "<p>Главное преимущество, которым обладает белковая диета на 7 дней, &mdash; это её длительность. За этот срок не произойдёт никакого сбоя в работе внутренних органов, которые не могут долгое время обходиться без углеводов и жиров. Значит &mdash; безопасность для здоровья, при похудении таким способом, гарантирована. Подробное меню на неделю с указанием порций поможет понять, сможете ли вы выдержать, и сориентироваться в блюдах.</p> <p><strong><br />1-й день</strong></p> <p><em>Завтрак: </em></p> <ul> <li>150 г зернистого творога (обезжиренного);</li> <li>некрепкий чай или кофе с минимально жирными сливками и без сахара.</li> </ul> <p><em>Второй завтрак:</em></p> <ul> <li>зелёное некрупное яблоко.</li> </ul> <p><em>Обед: </em></p> <ul> <li>150 г отваренной грудки курицы;</li> <li>кусок хлеба из цельного зерна.</li> </ul> <p><em>Полдник:</em></p> <ul> <li>100 мл натурального, без красителей йогурта (с минимальной жирностью).</li> </ul> <p><em>Ужин:</em></p> <ul> <li>200 г рыбы на пару (можно взять навагу);</li> <li>150 г любого овощного салата.</li> </ul> <p><strong><br />2-й день</strong></p> <p><em>Завтрак:</em></p> <ul> <li>150 мл несладкого, без красителей йогурта;</li> <li>некрепкий чай или кофе с минимально жирными сливками и без сахара.</li> </ul> <p><em>Второй завтрак:</em></p> <ul> <li>некрупный апельсин (цитрусовые идеально подходят для меню белковой диеты).</li> </ul> <p><em>Обед:</em></p> <ul> <li>150 г тушёной говядины с овощами.</li> </ul> <p><em>Полдник:</em></p> <ul> <li>200 мл обезжиренного кефира.</li> </ul> <p><em>Ужин: </em></p> <ul> <li>200 г запечённой нежирной рыбы (например, щуки);</li> <li>200 г салата с капустой.</li> </ul> <p><strong><br />3-й день</strong></p> <p><em>Завтрак:</em></p> <ul> <li>отварные яичные белки (не более 3 шт);</li> <li>некрепкий чай или кофе с минимально жирными сливками и без сахара.</li> </ul> <p><em>Второй завтрак:</em></p> <ul> <li>грейпфрут.</li> </ul> <p><em>Обед: </em></p> <ul> <li>200 г индейки (варёной);</li> <li>100 г бурого риса.</li> </ul> <p><em>Полдник: </em></p> <ul> <li>творожный сырок (несладкий).</li> </ul> <p><em>Ужин:</em></p> <ul> <li>150 г говядины (варёной);</li> <li>150 г салата из кальмаров (животный белок идеален в рамках данного меню).</li> </ul> <p><strong><br />4-й день</strong></p> <p><em>Завтрак:</em></p> <ul> <li>200 мл обезжиренного кефира;</li> <li>2 овсяных печенья.</li> </ul> <p><em>Второй завтрак: </em></p> <ul> <li>2 мандарина.</li> </ul> <p><em>Обед: </em></p> <ul> <li>200 г отварного филе курицы;</li> <li>150 г спаржи.</li> </ul> <p><em>Полдник:</em></p> <ul> <li>200 мл кефира (разрешается заменить ряженкой).</li> </ul> <p><em>Ужин: </em></p> <ul> <li>200 г нежирной рыбы (возьмите хек для разнообразия меню) на пару;</li> <li>150 г овощей в салате.</li> </ul> <p><strong><br />5-й день</strong></p> <p><em>Завтрак: </em></p> <ul> <li>150 г творога;</li> <li>некрепкий чай или кофе с минимально жирными сливками и без сахара.</li> </ul> <p><em>Второй завтра:</em></p> <ul> <li>зелёное яблоко.</li> </ul> <p><em>Обед: </em></p> <ul> <li>200 г рыбы (подойдёт треска) на пару;</li> <li>кусок хлеба из цельного зерна.</li> </ul> <p><em>Полдник: </em></p> <ul> <li>100 г натурального, обезжиренного, без красителей йогурта.</li> </ul> <p><em>Ужин:</em></p> <ul> <li>200 г говядины на пару;</li> <li>150 г салата из креветок.</li> </ul> <p><strong><br />6-й день</strong></p> <p><em>Завтрак:</em></p> <ul> <li>без масла приготовленный омлет из 2 белков;</li> <li>некрепкий чай или кофе с минимально жирными сливками и без сахара.</li> </ul> <p><em>Ланч:</em></p> <ul> <li>апельсин.</li> </ul> <p><em>Обед:</em></p> <ul> <li>200 г супа со шпинатом;</li> <li>150 г свежих овощей.</li> </ul> <p><em>Полдник:</em></p> <ul> <li>200 мл обезжиренного кефира.</li> </ul> <p><em>Ужин:</em></p> <ul> <li>150 г отварной рыбы (разнообразьте своё меню камбалой);</li> <li>100 г салата с кальмарами и осьминогами.</li> </ul> <p><strong><br />7-й день</strong></p> <p><em>Завтрак:</em></p> <ul> <li>150 г творога;</li> <li>некрепкий чай или кофе с минимально жирными сливками и без сахара.</li> </ul> <p><em>Второй завтрак:</em></p> <ul> <li>грейпфрут.</li> </ul> <p><em>Обед:</em></p> <ul> <li>200 мл овощного супа на мясном бульоне из говядины;</li> <li>100 г отварного мяса, кусок хлеба из цельного зерна.</li> </ul> <p><em>Полдник:</em></p> <ul> <li>творожный несладкий сырок.</li> </ul> <p><strong>Ужин:</strong></p> <ul> <li>100 г варёной говядины;</li> <li>100 г салата из морепродуктов.</li> </ul> <p><br />Можете взять примерное меню белковой диеты на неделю и дополнить его блюдами из других редакций, которые вам больше понравятся. Главное &mdash; чтобы в пище было минимум жиров и углеводов. Не любите морепродукты? Замените их овощами. Не можете достать индейку? Курица тоже подойдёт. Соблюдайте указанные порции и кушайте в одно и то же время &mdash; эти два правила позволят вам качественно и вкусно похудеть всего за 7 дней.</p>",
        "descriptionOfImage" : "",
        "urlOfImage" : "empty"
      } ],
      "description" : "Безопасная диета",
      "urlOfImage" : "7"
    }, {
      "arrayOfItemOfSubsection" : [ {
        "bodyOfText" : "<p>Эффективная белково-углеводная диета позволяет за неделю потерять до 10 кг. Основное правило заключается в дробном употреблении пищи. Суточное количество продуктов нужно разделить на 6 равных по величине порций, последний прием пищи не позднее 18.00. Воду можно употреблять в неограниченном количестве, но не менее 2 литров в день. Основным продуктом диеты является кефир жирностью до 1%. Разрешается заменять продукт натуральным йогуртом.</p> <p><strong>Меню по дням недели</strong></p> <p><strong><br />Понедельник</strong></p> <ul> <li>5 отварных картофелин;</li> <li>500 мл кефира.</li> </ul> <p><strong>Вторник</strong></p> <ul> <li>200 г сметаны 10%;</li> <li>500 мл кефира.</li> </ul> <p><strong>Среда</strong></p> <ul> <li>&nbsp;200 г творога;</li> <li>500 мл кефира.</li> </ul> <p><strong>Четверг</strong></p> <ul> <li>500 мл кефира;</li> <li>500 г отварной курицы.</li> </ul> <p><strong>Пятница</strong></p> <ul> <li>500 мл кефира;</li> <li>1 кг зеленых яблок.</li> </ul> <p><strong>Суббота</strong></p> <ul> <li>1 л кефира.</li> </ul> <p><strong>Воскресенье</strong></p> <ul> <li>минеральная вода.</li> </ul> <p>&nbsp;</p> <p>Курица для диеты употребляется без кожи, перед приготовлением ее желательно вымочить в воде несколько часов. Картофель отваривается на пару или в воде, можно запечь в кожуре. Все продукты употребляются без соли. В пятый день вместо яблок разрешается употребить 300 г распаренного чернослива или отварной моркови.</p> <p>&nbsp;</p>",
        "descriptionOfImage" : "",
        "urlOfImage" : "empty"
      } ],
      "description" : "Белково-углеводная диета",
      "urlOfImage" : "8"
    }, {
      "arrayOfItemOfSubsection" : [ {
        "bodyOfText" : "<p>Сытная, вкусная и вместе с этим эффективная диета. За неделю на белковом питании легко потерять до 10 кг лишнего веса. Но соблюдать такую диету разрешается только здоровым людям, которые не имеют проблем с пищеварительной, эндокринной, сердечно-сосудистой системами и почками.</p> <p>Для диеты используются молочные продукты пониженной жирности, мясо, птица, рыба. Допускается употребление помидоров и зеленых овощей: салатов, огурцов, капусты, сельдерея. Приветствуются все виды специй, лимонный сок.</p> <p><strong>Примерное меню на один день</strong></p> <p><em>Завтрак:</em></p> <ul> <li>100 мл йогурта;</li> <li>150 г творога.</li> </ul> <p><em>Второй завтрак:</em></p> <ul> <li>белковый омлет с помидором.</li> </ul> <p>Обед:</p> <ul> <li>отварная курица без кожи с салатом из огурцов и зелени.</li> </ul> <p><em>Полдник:</em></p> <ul> <li>белковый коктейль или обезжиренный йогурт.</li> </ul> <p><em>Ужин:</em></p> <ul> <li>200 г отварной или запеченной в духовке рыбы;</li> <li>зелень укропа;</li> <li>сок лимона.</li> </ul> <p>Обилие белковой пищи может спровоцировать запоры. Чтобы этого не произошло, можно ввести в рацион пшеничные или ржаные отруби. Суточная порция не должна превышать 30 г. Отруби запаривают кипятком либо накануне замачивают в кисломолочном продукте.</p> <p><br /></p> <p>&nbsp;</p>",
        "descriptionOfImage" : "",
        "urlOfImage" : "empty"
      } ],
      "description" : "Сытная диета",
      "urlOfImage" : "9"
    } ],
    "description" : "Белковые диеты",
    "urlOfImage" : "6"
  }, {
    "arrayOfSubSections" : [ {
      "arrayOfItemOfSubsection" : [ {
        "bodyOfText" : "<p><strong>Этапы диеты &laquo;Лесенка&raquo;</strong></p> <p><em>1. Очищающий</em></p> <p>Название первого этапа или первой ступени говорит само за себя. В этот день Вы будете заниматься очищением своего организма. Этап очень важный и полезный, отнеситесь к нему серьезно! Он помогает усилить воздействие следующих этапов, мягко подготавливая организм к похудению. Плюс на этом этапе происходит хорошее очищение организма от шлаков и токсинов. А в качестве приятного бонуса вы сможете уже потерять от 1 до 2 кг!</p> <p><em>2. Восстановительный</em></p> <p>Второй этап предназначен для восстановления благоприятной среды желудочно-кишечного тракта, что также очень важно, как для здоровья, так для правильного похудения. На этом этапе Вам предстоит порадовать свой организм кисломолочными продуктами, которые после \"Очищающего\" этапа будут усваиваться организмом наиболее эффективно!</p> <p>Так как рацион этого дня будет очень низкокалорийный, вы помимо колоссальной пользы для своего кишечника, сможете похудеть еще от 1 до 2 кг. Воодушевившись своими потрясающими результатами, перейти к следующей ступени.</p> <p><em>3. Энергетический</em></p> <p>Самый вкусный и приятный этап диеты \"Лесенка\". В этот день Вам предстоит пополнить запасы энергии, которые организм потратил на очищение и оздоровление, чего уж таить, изголодался он и соскучился по сахару. Поэтому на 3-ей ступеньке Вам необходимо порадовать свой организм глюкозой, пока он на Вас не обиделся. Глюкоза будет исключительно полезная (изюм, мед и т. д.), поэтому похудению она никак не навредит. В этот \"сладкий\" день можно похудеть примерно на 0,5-1 кг.</p> <p><em>4. Строительный</em></p> <p>Этот этап был назван Строительным не просто так. Его задача помочь организму сжигать жировые клетки, не трогая мышечную массу. Активное поступление белка с пищей поможет организму вести необходимые \"строительные\" работы (ведь похудение это шок, из-за которого замедляются многие жизненно важные функции организма), но при этом процесс похудения продолжится! Строительная ступень поможет Вам распрощаться с лишними 700 г.</p> <p><em>5. Жиросжигающий</em></p> <p>Ну вот мы и добрались до последней завершающей ступени! Здесь Вас ждет полезная клетчатка, которая и поможет завершить процесс похудения. Клетчатка прекрасно насыщает и утоляет чувство голода, но на её переваривание организму необходимо тратить много энергии, а в условиях недостатка гликогена после 4-х дней диеты, он начнет вырабатывать её из жира, активно сжигая его. Последняя ступенька диеты \"Лесенка\" поможет Вам скинуть еще 1-2,5 кг!</p> <p>Меню диеты \"Лесенка\" на 5 дней</p> <p><strong>1-й день, 1-я ступень \"Очищающая\"</strong></p> <p>В течение дня Вам необходимо съесть 1 кг яблок, выпить не менее 1 л воды и принять 6-8 таблеток активированного угля (по 1 таблетке каждые 2 часа).</p> <p><br /><strong>2-й день, 2-я ступень \"Восстанавливающая\"</strong></p> <p>За день Вам необходимо выпить 1 л нежирного кефира и съесть примерно 600 г маложирного творога. Плюс необходимо пить чистую воду или минералку без газа.</p> <p><br /><strong>3-й день, 3-я ступень \"Энергетическая\"</strong></p> <p><em>На третьем этапе Ваш рацион на день:</em></p> <ul> <li>2 столовые ложки меда;</li> <li>300 г изюма;</li> <li>компот из сухофруктов без сахара (замените его фруктозой);</li> <li>вода.</li> </ul> <p><br /><strong>4-й день, 4-я ступень \"Строительная\"</strong></p> <p><em>Белковый день:</em></p> <ul> <li>500 г мяса птицы (индейка, курица) обязательно с зеленью (мясо можно отваривать, запекать, готовить на пару или гриле);</li> <li>вода.</li> </ul> <p><br /><strong>5-й день, 5-я ступень \"Жиросжигающая\"</strong></p> <p>В этот день можно устроить себе практически праздник живота. Вы можете есть свежие фрукты и сырые овощи в любых количествах. Плюс Вам необходимо съесть примерно 200 г овсяных хлопьев, сваренных на воде и естественно пить воду!</p> <p>&nbsp;</p> <p>Всего 5 дней и Вы обладательница новой стройной фигуры! Для большей стимуляции, не поленитесь нарисовать на листе бумаги лесенку, на ступенях которой каждый раз отмечайте свои успехи, а они будут, даже не сомневайтесь.</p> <p>Диета \"Лесенка\" проста и полезна. Поэтому вы можете смело повторять её после небольшого перерыва!</p>",
        "descriptionOfImage" : "",
        "urlOfImage" : "empty"
      } ],
      "description" : "Диета \"Лесенка\"",
      "urlOfImage" : "10"
    } ],
    "description" : "Диета \"Лесенка\"",
    "urlOfImage" : "10"
  }, {
    "arrayOfSubSections" : [ {
      "arrayOfItemOfSubsection" : [ {
        "bodyOfText" : "<p>Белковая диета без вреда для здоровья!</p> <p><br /><strong>Понедельник</strong></p> <ul> <li>200 г овсяной каши полить одной столовой ложкой меда;</li> <li>любой фрукт, содержащий быстрые углеводы, к примеру, один банан;</li> <li>200 г отварных куриных грудок, большая порция салата из овощей;</li> <li>150 г творога с жирность не более 5% и два апельсина;</li> <li>пол-литра кефира с жирностью не более 2,5%.</li> </ul> <p><br /><strong>Вторник</strong></p> <ul> <li>200 г гречневой каши с овощами;</li> <li>2 больших яблока;</li> <li>200 г отварной говядины, салат с овощей;</li> <li>200 г морской рыбы, 1 грейпфрут;</li> <li>300 г простокваши.</li> </ul> <p><br /><strong>Среда</strong></p> <ul> <li>200 г отварного риса с овощами;</li> <li>50 г грецкого ореха, столовая ложка меда;</li> <li>200 г отварной телятины, овощной салат;</li> <li>3 отварных яйца, две помидоры;</li> <li>300 г йогурта с жирностью не более 2,5%.</li> </ul> <p><br /><strong>Четверг</strong></p> <ul> <li>200 г макарон из грубых сортов пшеницы перемешать с 50 г творога;</li> <li>1 яблоко и банан;</li> <li>200 г отварной говядины, овощной салат;</li> <li>200 г морепродуктов;</li> <li>300 г молока.</li> </ul> <p><br /><strong>Пятница</strong></p> <ul> <li>200 г гороховой каши;</li> <li>100 г отварной рыбы;</li> <li>2 столовые ложки меда;</li> <li>большая порция овощного салата, заправленного оливковым маслом;</li> <li>200 г куриного филе;</li> <li>3 огурца;</li> <li>3 вареных яйца.</li> </ul> <p><br /><strong>Суббота</strong></p> <ul> <li>200 г отварной фасоли с овощами;</li> <li>200 г фруктового салата, столовая ложка меда;</li> <li>200 г отварной телятины с овощами;</li> <li>150 г сыра небольшой жирности;</li> <li>0,5 литра кефира.</li> </ul> <p><br /><strong>Воскресенье</strong></p> <ul> <li>200 г отварного картофеля;</li> <li>овощной салат;</li> <li>200 г любых фруктов;</li> <li>200 г отварной говядины;</li> <li>цитрусовые фрукты;</li> <li>150 г творога;</li> <li>400 г простокваши.</li> </ul> <p>&nbsp;</p> <p>&nbsp;</p>",
        "descriptionOfImage" : "",
        "urlOfImage" : "empty"
      } ],
      "description" : "Сбалансированная диета",
      "urlOfImage" : "11"
    } ],
    "description" : "Сбалансированная диета",
    "urlOfImage" : "11"
  }, {
    "arrayOfSubSections" : [ {
      "arrayOfItemOfSubsection" : [ {
        "bodyOfText" : "<p>За <strong>7 дней уходит до 10 кг</strong> без возврата и очищается организм.</p> <p><strong><br />1-й день (питьевой)</strong></p> <p>Пьем все что хотим, в том числе бульоны.</p> <p><br /><strong>2-й день (овощной)</strong></p> <p>Кушаем салаты в любом количестве, желательно с добавлением капусты (она жиросжигатель).</p> <p><br /><strong>3-й день (питьевой)</strong></p> <p>Пьем все что хотим, в том числе бульоны.</p> <p><br /><strong>4-й день (фруктовый)</strong></p> <p>Кушаем фрукты, желательно грейпфруты (жиросжигатель).</p> <p><br /><strong>5-й день (белковый)</strong></p> <p>Кушаем яйца, филе курицы (вареное), можно йогурты.</p> <p><br /><strong>6-й день (питьевой)</strong></p> <p>Пьем все что хотим, в том числе бульоны.</p> <p><br /><strong>7-й день (выход)</strong></p> <p><em>Завтрак: </em></p> <ul> <li>чай,</li> <li>2 вареных яйца.</li> </ul> <p><em>Второй завтрак: </em></p> <ul> <li>фрукт.</li> </ul> <p><em>Обед: </em></p> <ul> <li>бульон (можно сварить легкий супчик с рисом или гречкой).</li> </ul> <p><em>Перекус: </em></p> <ul> <li>фрукт.</li> </ul> <p><em>Ужин: </em></p> <ul> <li>салатик (заправка: растительное масло и соль).</li> </ul> <p>&nbsp;</p> <p>&nbsp;</p>",
        "descriptionOfImage" : "",
        "urlOfImage" : "empty"
      } ],
      "description" : "Чистка организма",
      "urlOfImage" : "13"
    }, {
      "arrayOfItemOfSubsection" : [ {
        "bodyOfText" : "<p>Продолжительность диеты 7 &nbsp;дней. К концу <strong>7 дня вы худеете на 8-10 кг.</strong> На 7 день можете есть, что хотите, но умеренно. Эта диета изменит Ваш обмен веществ. Вы три года не будете поправляться. Во время соблюдения диеты обязательно делать зарядку и массаж.</p> <p><br /><strong>Понедельник</strong></p> <p><em>Завтрак:</em></p> <ul> <li>черный кофе без сахара.</li> </ul> <p><em>Обед:</em></p> <ul> <li>2 яйца вкрутую;</li> <li>1 помидор и зеленый салат.</li> </ul> <p><em>Ужин:</em></p> <ul> <li>большой бифштекс, жаренный под прессом в небольшом количестве растительного масла (можно заменить на рыбу).</li> </ul> <p><br /><strong>Вторник</strong></p> <p><em>Завтрак:</em></p> <ul> <li>черный кофе без сахара с сухариком.</li> </ul> <p><em>Обед:</em></p> <ul> <li>большой бифштекс, жаренный под прессом с зеленым салатом и помидор (можно заменить на рыбу).</li> </ul> <p><em>Ужин:</em></p> <ul> <li>порция супа.</li> </ul> <p><br /><strong>Среда</strong></p> <p><em>Завтрак:</em></p> <ul> <li>черный кофе без сахара с сухариком.</li> </ul> <p><em>Обед:</em></p> <ul> <li>большой бифштекс, жаренный под прессом с зеленым салатом (можно заменить на рыбу).</li> </ul> <p><em>Ужин:</em></p> <ul> <li>2 яйца вкрутую с 2-мя ломтиками нежирной ветчины.</li> </ul> <p><strong><br />Четверг</strong></p> <p><em>Завтрак:</em></p> <ul> <li>черный кофе без сахара с сухариком.</li> </ul> <p><em>Обед:</em></p> <ul> <li>1 яйцо;</li> <li>1 морковь;</li> <li>сыр.</li> </ul> <p><em>Ужин:</em></p> <ul> <li>фруктовый салат;</li> <li>стакан кефира.</li> </ul> <p><strong><br />Пятница</strong></p> <p><em>Завтрак:</em></p> <ul> <li>тертая морковь с лимоном.</li> </ul> <p><em>Обед:</em></p> <ul> <li>порция рыбы, жаренной под прессом и помидор.</li> </ul> <p><em>Ужин:</em></p> <ul> <li>большой бифштекс, жаренный под прессом с зеленым салатом.</li> </ul> <p><br /><strong>Суббота</strong></p> <p><em>Завтрак:</em></p> <ul> <li>черный кофе без сахара с сухариком.</li> </ul> <p><em>Обед:</em></p> <ul> <li>порция цыпленка, жаренного без жира;</li> <li>зеленый салат.</li> </ul> <p><em>Ужин:</em></p> <ul> <li>большой бифштекс;</li> <li>зеленый салат.</li> </ul> <p><br /><strong>Воскресенье</strong></p> <p><em>Завтрак:</em></p> <ul> <li>чай без сахара.</li> </ul> <p><em>Обед:</em></p> <ul> <li>свинина или другое мясо на вертеле;</li> <li>зеленый салат (можно заменить на рыбу).</li> </ul> <p><em>Ужин:</em></p> <ul> <li>что хочется, только умеренно.</li> </ul> <p><em>Напитки:</em></p> <ul> <li>только вода (простая или минеральная).</li> </ul> <p>Морковь может быть заменена на помидор и наоборот.</p>",
        "descriptionOfImage" : "",
        "urlOfImage" : "empty"
      } ],
      "description" : "Диета для улучшения обмена веществ",
      "urlOfImage" : "14"
    }, {
      "arrayOfItemOfSubsection" : [ {
        "bodyOfText" : "<p><strong>1200 ккал</strong> &mdash; минимально допустимая дневная норма калорий. Не стоит придерживаться ее длительное время, но в качестве недельной разгрузки ее использовать можно. Меню может выглядеть так:</p> <p><br /><strong>08:00</strong></p> <ul> <li>овсянка на молоке,</li> <li>кофе.</li> </ul> <p><strong>11:00 </strong></p> <ul> <li>молочно-банановый коктейль.</li> </ul> <p><strong>13:00 </strong></p> <ul> <li>индейка/куриная грудка (можно отварить, приготовить на гриле или запечь) с овощами;</li> <li>зеленый чай.</li> </ul> <p><strong>16:00</strong></p> <ul> <li>яблоко;</li> <li>стакан кефира.</li> </ul> <p><strong>19:00&nbsp;</strong></p> <ul> <li>творог/натуральный йогурт;</li> <li>зеленый чай.</li> </ul>",
        "descriptionOfImage" : "",
        "urlOfImage" : "empty"
      } ],
      "description" : "Диета на 1200 ккал",
      "urlOfImage" : "15"
    }, {
      "arrayOfItemOfSubsection" : [ {
        "bodyOfText" : "<p>Диета достаточно разнообразна</p> <p><strong>1-й день</strong></p> <p><em>Набор продуктов: </em></p> <ul> <li>вареное куриное филе (200 г);</li> <li>яблоки (2 шт);</li> <li>апельсин (1 шт);</li> <li>нежирный творог (100 г);</li> <li>нежирный йогурт (1 шт);</li> <li>1 порция овсяной каши (100 г).</li> </ul> <p><br /><strong>2-й день&nbsp; </strong></p> <p><em>Набор продуктов: </em></p> <ul> <li>1 порция гречневой каши (100 г);</li> <li>грейпфрут (1 шт);</li> <li>вареная говядина (200 г);</li> <li>1 стакан нежирного кефира;</li> <li>чернослив (100 г);</li> <li>томаты (2 шт).</li> </ul> <p><br /><strong>3-й день</strong></p> <p><em>Набор продуктов: </em></p> <ul> <li>1 стакан молока;</li> <li>мандарины (4 шт);</li> <li>груша (1 шт);</li> <li>1 порция рисовой каши (100 г);</li> <li>болгарские перцы (4 шт);</li> <li>1 чашка зеленого чая;</li> <li>вареная или запеченная рыба (200 г).</li> </ul> <p><br /><strong>4-й день</strong></p> <p><em>Набор продуктов: </em></p> <ul> <li>курага (100 г);</li> <li>нежирный творог (150 г);</li> <li>груши (2 шт);</li> <li>вареное филе (200 г);</li> <li>капуста свежая белокочанная (200 г);</li> <li>огурцы (5 шт).</li> </ul> <p><br /><strong>5-й день</strong></p> <p><em>Набор продуктов: </em></p> <ul> <li>морская капуста (100 г);</li> <li>сырая морковь (4 шт);</li> <li>яблоки (2 шт);</li> <li>1 порция гречневой каши (100 г);</li> <li>2 чашки черного чая;</li> <li>1 стакан молока;</li> <li>вареная или запеченная рыба (200 г).</li> </ul> <p><br /><strong>6-й день</strong></p> <p><em>Набор продуктов: </em></p> <ul> <li>ягоды, можно замороженные (200 г);</li> <li>1 порция пшенной каши (100 г);</li> <li>вареная или тушеная капуста брокколи (200 г);</li> <li>вареная говядина (150 г);</li> <li>апельсины (2 шт).</li> </ul> <p><br /><strong>7-й день</strong></p> <p><em>Набор продуктов: </em></p> <ul> <li>нежирный йогурт (2 шт);</li> <li>1 порция овсяной каши (100 г);</li> <li>изюм (100 г);</li> <li>куриный бульон (300 мл);</li> <li>вареное филе (200 г);</li> <li>груши (2 шт);</li> <li>яблоки (2 шт);</li> <li>свекла вареная (100 г).</li> </ul> <p><br />Съедать ровно по одному продукту раз в 1-2 часа.</p>",
        "descriptionOfImage" : "",
        "urlOfImage" : "empty"
      } ],
      "description" : "Разнообразная диета",
      "urlOfImage" : "16"
    }, {
      "arrayOfItemOfSubsection" : [ {
        "bodyOfText" : "<p>С помощью этой диеты за 7 дней можно избавиться от 10 кг.</p> <p><strong><br />1-й день</strong></p> <p>Можно съесть 5 варёных яиц в день <em>(с 10 часов утра,через каждые 2 часа по 1 яйцу)</em>.</p> <p><strong><br />2-й день</strong></p> <p>Варёную рыбу без соли <em>(можно скумбрию)</em>.</p> <p><br /><strong>3-й день</strong></p> <p>Варёную куриную грудку без соли.</p> <p><br /><strong>4-й день</strong></p> <p>Варёный картофель 5 штук <em>(с 10 часов утра,через каждые 2 часа по 1 картофелине).</em></p> <p><br /><strong>5-й день</strong></p> <p>Ветчина курина или говядина <em>(0,5 кг).</em></p> <p><br /><strong>6-й день</strong></p> <p>Фрукты, кроме бананов.</p> <p><br /><strong>7-й день</strong></p> <p>Овощи.</p>",
        "descriptionOfImage" : "",
        "urlOfImage" : "empty"
      } ],
      "description" : "7 дней минус 10 кг",
      "urlOfImage" : "17"
    }, {
      "arrayOfItemOfSubsection" : [ {
        "bodyOfText" : "<p>7 дней и минус 8-10 кг</p> <p><br /><strong>Понедельник</strong></p> <p>Сварить на воде гречневую кашу из 2 стаканов крупы <em>(без соли и сахара)</em>. Разделить на 5 приемов и есть в течение дня. Между основными приемами пищи можно съедать по 1/2 апельсина или грейпфрута. Чай, кофе - без сахара. Общий объем жидкости за день - 2 л.</p> <p><br /><strong>Вторник</strong></p> <p>Сварить на воде гречневую кашу из 2 стаканов крупы <em>(без соли и сахара)</em>. Разделить на 5 приемов и есть в течение дня. Между основными приемами пищи можно съедать по 1/2 апельсина или грейпфрута. Чай, кофе - без сахара. Общий объем жидкости за день - 2 л.</p> <p><br /><strong>Среда</strong></p> <p>Взять нежирную белую рыбу - 1 кг. Отварить ее с травами и кореньями, но без соли. Разделить на пять приемов пищи. Чай, кофе - без сахара. Общий объем жидкости за день - 2 л.</p> <p><br /><strong>Четверг</strong></p> <p>Овощной день, можно все овощи в вареном или запеченном виде, кроме картофеля. Не солить, можно использовать травы и специи <em>(сушеные)</em>. Рыбу можно есть, поливая соком лимона. Чай, кофе - без сахара. Общий объем жидкости за день - 2 л.</p> <p><br /><strong>Пятница</strong></p> <p>Любые молочные и кисло-молочные продукты пониженной жирности. Чай, кофе - без сахара. Общий объем жидкости за день - 2 л.</p> <p><br /><strong>Суббота</strong></p> <p>Фруктовый день. Фрукты <em>(кроме бананов и винограда)</em> разделить на пять приемов пищи. Чай, кофе - без сахара. Общий объем жидкости за день - 2 л.</p> <p><br /><strong>Воскресенье</strong></p> <p>Отварить одну небольшую курицу, бульон оставить. Курицу разделить на пять порций и съесть в течение дня. Допускается употребление 2-3 огурцов. Чай, кофе - без сахара. Общий объем жидкости за день - 2 л.</p>",
        "descriptionOfImage" : "",
        "urlOfImage" : "empty"
      } ],
      "description" : "7 дней минус 8-10 кг",
      "urlOfImage" : "18"
    }, {
      "arrayOfItemOfSubsection" : [ {
        "bodyOfText" : "<p><strong>1-й день</strong></p> <ul> <li>отварной рис ( хорошо промытый несколько раз) + томатный сок ( всё без соли и сахара).</li> </ul> <p><strong>2-й день&nbsp;</strong></p> <ul> <li>творог + кефир ( самой низкой жирности).</li> </ul> <p><strong>3-й день</strong></p> <ul> <li>отварное мясо или рыба ( постных сортов) + зелёный чай.</li> </ul> <p><strong>4-й день&nbsp;</strong></p> <ul> <li>твёрдый сыр + красное сухое вино.</li> </ul> <p><strong>5-й день</strong></p> <ul> <li>фрукты ( яблоки, апельсины, грейпфруты, киви и др. с пониженым количеством сахара), кроме бананов, арбуза, винограда, дыни</li> </ul>",
        "descriptionOfImage" : "",
        "urlOfImage" : "empty"
      } ],
      "description" : "Актерская диета",
      "urlOfImage" : "19"
    }, {
      "arrayOfItemOfSubsection" : [ {
        "bodyOfText" : "<p><strong>08:00</strong></p> <ul> <li>чашка чая/кофе без сахара.</li> </ul> <p><strong>10:00</strong></p> <ul> <li>200 г нежирного творога.</li> </ul> <p><strong>12:00 </strong></p> <ul> <li>200 гр. отварного мяса.</li> </ul> <p><strong>14:00</strong></p> <ul> <li>1 вареное яйцо.</li> </ul> <p><strong>16:00 </strong></p> <ul> <li>1 стакан томатного сока.</li> </ul> <p><strong>18:00</strong></p> <ul> <li>1 яблоко.</li> </ul> <p><strong>20:00</strong></p> <ul> <li>стакан кефира.</li> </ul> <p><br />И так 6 дней. Желательно употреблять больше воды, чай и кофе не ограниченно (только без сахара), еду можно солить. Голод переносится нормально - еда через каждые два часа. сложно только первый день, дальше организм втягивается, да и солидный отвес радует.</p> <p><strong>Альтернатива</strong></p> <p><strong><br />8:00 </strong></p> <ul> <li>кофе, чай.</li> </ul> <p><strong>10:00</strong></p> <ul> <li>вареное яйцо.</li> </ul> <p><strong>12:00</strong></p> <ul> <li>плавленный сырок с чаем.</li> </ul> <p><strong>14:00</strong></p> <ul> <li>отварная куриная грудка, говядина, рыба.</li> </ul> <p><strong> 16:00 </strong></p> <ul> <li>яблоко.</li> </ul> <p><strong>18:00</strong></p> <ul> <li>вареное яйцо.</li> </ul> <p><strong>20:00 </strong></p> <ul> <li>стакан кефира, томатного сока.</li> </ul>",
        "descriptionOfImage" : "",
        "urlOfImage" : "empty"
      } ],
      "description" : "Шестидневная диета",
      "urlOfImage" : "20"
    }, {
      "arrayOfItemOfSubsection" : [ {
        "bodyOfText" : "<p><strong>9:00</strong></p> <ul> <li>чай травяной;</li> <li>овсянка с изюмом и орехами.</li> </ul> <p><strong>12:00</strong></p> <ul> <li>гречка;</li> <li>куриные грудки;</li> <li>овощи.</li> </ul> <p><strong>15:00 </strong></p> <ul> <li>рыба с овощами.</li> </ul> <p><strong>18:00</strong></p> <ul> <li>чай;</li> <li>два варёных яйца;</li> <li>овощи или творог.</li> </ul> <p><strong>20:00 </strong></p> <ul> <li>1 грейпфрут или апельсин.</li> </ul>",
        "descriptionOfImage" : "",
        "urlOfImage" : "empty"
      } ],
      "description" : "7 дней минус 9 кг",
      "urlOfImage" : "21"
    }, {
      "arrayOfItemOfSubsection" : [ {
        "bodyOfText" : "<p>Очень популярна болгарская безопасная диета. Такое питание не предполагает сильного ограничения в потреблении пищи. Надо просто придерживаться однотипного набора продуктов.</p> <p><strong>Примерное меню болгарской диеты:</strong></p> <p><em>Завтрак:</em></p> <ul> <li>2 вареных яйца;</li> <li>кусочек хлеба из муки грубого помола;</li> <li>100 г нежирного мяса;</li> <li>1 чашка неподслащенного зеленого чая.</li> </ul> <p><em>Обед:</em></p> <ul> <li style=\"text-align: justify;\">150 г салата из свежих овощей;</li> <li style=\"text-align: justify;\">150 г рыбы;</li> <li style=\"text-align: justify;\">1 яблоко;</li> <li style=\"text-align: justify;\">1 кусок хлеба из муки грубого помола.</li> </ul> <p><em>Ужин:</em></p> <ul> <li>2 яйца;</li> <li>150 г вареного нежирного мяса;</li> <li>кусок хлеба.</li> </ul> <p><br />Можно побаловать себя 200 г фруктового салата. В салате обязательно должны быть бананы и виноград.</p> <p>Если строго следовать Болгарской диете, то за 7 дней без особого труда можно сбросить до 4 кг лишнего веса.</p>",
        "descriptionOfImage" : "",
        "urlOfImage" : "empty"
      } ],
      "description" : "Болгарская диета",
      "urlOfImage" : "22"
    }, {
      "arrayOfItemOfSubsection" : [ {
        "bodyOfText" : "<p>Вариант эффективной, дешевой и полезной диеты, которая поможет за неделю избавиться от 3-5 лишних килограммов. Для максимального эффекта рекомендуется перед диетой провести очищение кишечника мягкими слабительными или с помощью клизмы.</p> <p>Суть диеты - в ежедневном чередовании определенных видов каши. Завершает систему смешанный день, для которого готовится блюдо из всех круп, взятых вместе. Каши готовятся на воде без добавления соли и сахара. На день берется 1 стакан крупы, 3 стакана воды. Блюдо необязательно подвергать длительной термической обработке. Гречку или рис можно с вечера заварить в термосе либо проварить пять минут, укутать в одеяло и дать настояться. Перловую крупу перед варкой вымочить не менее 4 часов, затем довести до полной готовности.</p> <p><strong>Меню на неделю</strong></p> <p><strong><br />Понедельник</strong></p> <ul> <li>пшеничный.</li> </ul> <p><strong>Вторник</strong></p> <ul> <li>пшенный.</li> </ul> <p><strong>Среда</strong></p> <ul> <li>овсяный день.</li> </ul> <p><strong>Четверг</strong></p> <ul> <li>рисовый.</li> </ul> <p><strong>Пятница</strong></p> <ul> <li>ячневый день.</li> </ul> <p><strong>Суббота</strong></p> <ul> <li>перловый день.</li> </ul> <p><strong>Воскресенье</strong></p> <ul> <li>смешанный день, употребляется каша из круп перечисленных дней.</li> </ul> <p><br />За 30 минут до приема пищи рекомендуется выпивать стакан воды: это подготовит желудок к приему пищи, а съеденная порция будет значительно меньше. Разрешается употребление отвара шиповника, зеленого и черного чая, цикория и других напитков без сахара. Повторять диету на кашах можно через месяц.</p> <p>&nbsp;</p> <p>&nbsp;</p> <p>&nbsp;</p> <p>&nbsp;</p> <p>&nbsp;</p>",
        "descriptionOfImage" : "",
        "urlOfImage" : "empty"
      } ],
      "description" : "Диета \"7 каш\"",
      "urlOfImage" : "23"
    }, {
      "arrayOfItemOfSubsection" : [ {
        "bodyOfText" : "<p>\"Любимая\" &ndash; эффективная диета на 7 дней, заключающаяся в чередовании сытых и голодных (питьевых) дней. С ее помощью можно не только избавиться от лишнего веса, но и очистить организм.</p> <p><strong>Меню по дням недели</strong></p> <p><br /><strong>Понедельник (питьевой)</strong></p> <p>В пищу употребляется любая жидкость в неограниченном количестве: нежирный кефир, бульоны, чай, кофе, несладкие соки, компоты и другие напитки.</p> <p><br /><strong>Вторник (овощной)</strong></p> <p>В течение дня употребляются любые овощи в сыром или в вареном виде, но без соли, приправ, соусов. Нельзя картофель.</p> <p><br /><strong>Среда (питьевой день)</strong></p> <p>Повторяется употребление жидкости, как в первый день диеты.</p> <p><strong><br />Четверг (фруктовый)</strong>&nbsp;</p> <p>Употребляются свежие, запеченные фрукты. Нельзя употреблять виноград и бананы ввиду их высокой калорийности.</p> <p><br /><strong>Пятница (белковый день)</strong></p> <p>Основу рациона составляет отварная курица, яйца, нежирный творог, кисломолочные напитки.</p> <p><br /><strong>Суббота (питьевой день)</strong></p> <p>Основа рациона - бульоны и несладкие напитки.</p> <p><br /><strong>Воскресенье (выход из диеты)</strong></p> <p>Заключается в переходе к сбалансированному питанию. На завтрак 2 яйца, на обед легкий суп на курином бульоне, на ужин свежий салат из овощей, заправленный оливковым маслом. Для перекусов используются любые фрукты и напитки.</p> <p>&nbsp;</p> <p>&nbsp;</p> <p>&nbsp;</p>",
        "descriptionOfImage" : "",
        "urlOfImage" : "empty"
      } ],
      "description" : "Диета \"Любимая\"",
      "urlOfImage" : "24"
    } ],
    "description" : "Эффективные диеты",
    "urlOfImage" : "12"
  }, {
    "arrayOfSubSections" : [ {
      "arrayOfItemOfSubsection" : [ {
        "bodyOfText" : "<p>Диета очень легкая, так как при таком рационе вам не придется голодать. Благодаря этой диете у вас улучшится обмен, за счет которого лишние килограммы просто сгорают.</p> <p><br /><strong>1-й день</strong></p> <ul> <li>капустный суп (можно есть в любом количестве);</li> <li>фрукты (можно есть в любом количестве, кроме бананов);</li> <li>250 г обезжиренного молока или йогурта;</li> <li>чай или кофе без сахара.</li> </ul> <p><br /><strong>2-й день</strong></p> <ul> <li>капустный суп (можно есть в любом количестве);</li> <li>овощи (можно есть в любом количестве);</li> <li>250 г обезжиренного молока или йогурта;</li> <li>1 крупная печеная или отварная картофелина;</li> <li>чай или кофе без сахара.</li> </ul> <p><br /><strong>3-й день</strong></p> <ul> <li>капустный суп (можно есть в любом количестве);</li> <li>овощи и фрукты (можно есть в любом количестве);</li> <li>250 г обезжиренного молока или йогурта;</li> <li>чай или кофе без сахара.</li> </ul> <p><br /><strong>4-й день</strong></p> <ul> <li>капустный суп (можно есть в любом количестве);</li> <li>Фрукты (можно есть в любом количестве);</li> <li>1 литр обезжиренного молока.</li> </ul> <p><br /><strong>5-й день</strong></p> <ul> <li>капустный суп (можно есть в любом количестве);</li> <li>отварная рыба 250 грамм (или отварная курица 250 г);</li> <li>овощи (можно есть в любом количестве);</li> <li>250 г обезжиренного йогурта;</li> <li>чай или кофе без сахара.</li> </ul> <p><br /><strong>6-й день</strong></p> <ul> <li>капустный суп (можно есть в любом количестве);</li> <li>отварная рыба (или курица);</li> <li>овощи (можно есть в любом количестве);</li> <li>250 г обезж йогурта;</li> <li>чай или кофе без сахара.</li> </ul> <p><br /><strong>7-й день</strong></p> <ul> <li>капустный суп (можно есть в любом количестве);</li> <li>овощи и фрукты (можно есть в любом количестве);</li> <li>250 г обезж. йогурта;</li> <li>чай или кофе без сахара.</li> </ul> <p><strong>Рецепт капустного супа от Синди Кроуфорд:</strong></p> <ul> <li>капуста 1 небольшой кочан;</li> <li>морковь 6 шт;</li> <li>лук 6 шт;</li> <li>зеленый лук 6 перышек;</li> <li>болгарский перец 2 шт;</li> <li>помидоры 3 шт;</li> <li>сельдерей 5 веточек;</li> <li>рис 1/3 стакана.</li> </ul> <p><strong>Способ приготовления:</strong></p> <p>Тщательно помойте и порежьте овощи, залейте холодной водой и отварите до готовности, за 1,5-2 минуты до окончания варки добавьте в овощной бульон предварительно отваренный, промытый рис и мелко нарезанную зелень сельдерея и зеленого лука.</p>",
        "descriptionOfImage" : "",
        "urlOfImage" : "empty"
      } ],
      "description" : "Диета Синди Кроуфорд",
      "urlOfImage" : "25"
    } ],
    "description" : "Диета Синди Кроуфорд",
    "urlOfImage" : "25"
  }, {
    "arrayOfSubSections" : [ {
      "arrayOfItemOfSubsection" : [ {
        "bodyOfText" : "<p>Овощи содержат большое количество витаминов, минеральных веществ, клетчатки, полезны для организма. С ними очень легко похудеть, если все делать правильно.&nbsp;</p> <p>При выборе овощей желательно отдавать предпочтение некрахмалистым видам: огурцы, помидоры, баклажаны, капуста, морковь, редис и свекла. Их разрешено употреблять в неограниченном количестве. К крахмалистым овощам относятся картофель, тыква, горох, кукуруза. Их разрешено употреблять, но в ограниченном количестве. Фрукты разрешены любые, кроме винограда, манго, бананов. Желательно отдавать предпочтение цитрусам, яблокам, грушам и ананасу.</p> <p><strong>Примерное меню на один день</strong></p> <p><em>Завтрак:</em></p> <ul> <li>чай без сахара;</li> <li>яблоко или горсть кураги;</li> <li>чернослива.</li> </ul> <p><em>Второй завтрак:</em></p> <ul> <li>свежие огурцы или помидоры.</li> </ul> <p><em>Обед:</em></p> <ul> <li>вегетарианские щи с фасолью или любой другой овощной суп;</li> <li>компот.</li> </ul> <p><em>Полдник:</em></p> <ul> <li>любой фрукт (апельсин, груша, яблоко).</li> </ul> <p><em>Ужин:</em></p> <ul> <li>2-3 отваренные картофелины;</li> <li>салат из свеклы или порция винегрета;</li> <li>травяной чай.</li> </ul> <p><em>На ночь:</em></p> <ul> <li>стакан кефира или чашка несладкого чая с молоком.</li> </ul> <p>Овощная диета может сопровождаться вздутием живота, повышенным газообразованием. Избавиться от дискомфорта и облегчить состояние поможет укропная вода или лекарственные препараты.</p> <p>&nbsp;</p> <p>&nbsp;</p>",
        "descriptionOfImage" : "",
        "urlOfImage" : "empty"
      } ],
      "description" : "Фруктово-овощная диета",
      "urlOfImage" : "26"
    } ],
    "description" : "Фруктово-овощная диета",
    "urlOfImage" : "26"
  } ]
}
