{"v":"5.4.4","fr":30,"ip":0,"op":105,"w":800,"h":600,"nm":"Avocado Friendship - insta","ddd":0,"assets":[{"id":"comp_0","layers":[{"ddd":0,"ind":1,"ty":4,"nm":"Shape Layer 2","sr":1,"ks":{"o":{"a":0,"k":100,"ix":11},"r":{"a":0,"k":0,"ix":10},"p":{"a":0,"k":[1016,1000,0],"ix":2},"a":{"a":0,"k":[0,0,0],"ix":1},"s":{"a":0,"k":[100,100,100],"ix":6}},"ao":0,"shapes":[{"ty":"gr","it":[{"ind":0,"ty":"sh","ix":1,"ks":{"a":0,"k":{"i":[[90,90],[0,0],[0,0]],"o":[[13,94],[0,0],[0,0]],"v":[[16,-96],[-22,43],[-76,262]],"c":true},"ix":2},"nm":"Path 1","mn":"ADBE Vector Shape - Group","hd":false},{"ty":"st","c":{"a":0,"k":[0.749019966873,0.552940996955,0.431372997808,1],"ix":3},"o":{"a":0,"k":100,"ix":4},"w":{"a":0,"k":0,"ix":5},"lc":1,"lj":1,"ml":4,"bm":0,"nm":"Stroke 1","mn":"ADBE Vector Graphic - Stroke","hd":false},{"ty":"fl","c":{"a":0,"k":[0.686274509804,0.705882352941,0.16862745098,1],"ix":4},"o":{"a":0,"k":100,"ix":5},"r":1,"bm":0,"nm":"Fill 1","mn":"ADBE Vector Graphic - Fill","hd":false},{"ty":"tr","p":{"a":0,"k":[0,0],"ix":2},"a":{"a":0,"k":[0,0],"ix":1},"s":{"a":0,"k":[100,100],"ix":3},"r":{"a":0,"k":0,"ix":6},"o":{"a":0,"k":100,"ix":7},"sk":{"a":0,"k":0,"ix":4},"sa":{"a":0,"k":0,"ix":5},"nm":"Transform"}],"nm":"Shape 1","np":3,"cix":2,"bm":0,"ix":1,"mn":"ADBE Vector Group","hd":false}],"ip":47,"op":48,"st":0,"bm":0},{"ddd":0,"ind":2,"ty":4,"nm":"hit 3","sr":1,"ks":{"o":{"a":0,"k":100,"ix":11},"r":{"a":0,"k":34,"ix":10},"p":{"a":0,"k":[1016,864,0],"ix":2},"a":{"a":0,"k":[-22,-116,0],"ix":1},"s":{"a":0,"k":[100,100,100],"ix":6}},"ao":0,"shapes":[{"ty":"gr","it":[{"ind":0,"ty":"sh","ix":1,"ks":{"a":0,"k":{"i":[[0,0],[0,0]],"o":[[0,0],[0,0]],"v":[[-6,-91],[-24.631,-120.724]],"c":false},"ix":2},"nm":"Path 1","mn":"ADBE Vector Shape - Group","hd":false},{"ty":"st","c":{"a":0,"k":[0.176470588235,0.176470588235,0.176470588235,1],"ix":3},"o":{"a":0,"k":100,"ix":4},"w":{"a":0,"k":7,"ix":5},"lc":2,"lj":1,"ml":4,"bm":0,"nm":"Stroke 1","mn":"ADBE Vector Graphic - Stroke","hd":false},{"ty":"tr","p":{"a":0,"k":[0,0],"ix":2},"a":{"a":0,"k":[0,0],"ix":1},"s":{"a":0,"k":[100,100],"ix":3},"r":{"a":0,"k":0,"ix":6},"o":{"a":0,"k":100,"ix":7},"sk":{"a":0,"k":0,"ix":4},"sa":{"a":0,"k":0,"ix":5},"nm":"Transform"}],"nm":"Shape 1","np":3,"cix":2,"bm":0,"ix":1,"mn":"ADBE Vector Group","hd":false},{"ty":"tm","s":{"a":1,"k":[{"i":{"x":[0.833],"y":[0.833]},"o":{"x":[0.167],"y":[0.167]},"t":60,"s":[0],"e":[0]},{"i":{"x":[0.833],"y":[0.833]},"o":{"x":[0.167],"y":[0.167]},"t":62,"s":[0],"e":[100]},{"t":64}],"ix":1},"e":{"a":1,"k":[{"i":{"x":[0.833],"y":[0.833]},"o":{"x":[0.167],"y":[0.167]},"t":60,"s":[0],"e":[100]},{"t":62}],"ix":2},"o":{"a":0,"k":0,"ix":3},"m":1,"ix":2,"nm":"Trim Paths 1","mn":"ADBE Vector Filter - Trim","hd":false}],"ip":60,"op":66,"st":0,"bm":0},{"ddd":0,"ind":3,"ty":4,"nm":"hit 2","sr":1,"ks":{"o":{"a":0,"k":100,"ix":11},"r":{"a":0,"k":54,"ix":10},"p":{"a":0,"k":[1046,874,0],"ix":2},"a":{"a":0,"k":[-22,-116,0],"ix":1},"s":{"a":0,"k":[100,100,100],"ix":6}},"ao":0,"shapes":[{"ty":"gr","it":[{"ind":0,"ty":"sh","ix":1,"ks":{"a":0,"k":{"i":[[0,0],[0,0]],"o":[[0,0],[0,0]],"v":[[-6,-91],[-11.01,-104.581]],"c":false},"ix":2},"nm":"Path 1","mn":"ADBE Vector Shape - Group","hd":false},{"ty":"st","c":{"a":0,"k":[0.176470588235,0.176470588235,0.176470588235,1],"ix":3},"o":{"a":0,"k":100,"ix":4},"w":{"a":0,"k":7,"ix":5},"lc":2,"lj":1,"ml":4,"bm":0,"nm":"Stroke 1","mn":"ADBE Vector Graphic - Stroke","hd":false},{"ty":"tr","p":{"a":0,"k":[0,0],"ix":2},"a":{"a":0,"k":[0,0],"ix":1},"s":{"a":0,"k":[100,100],"ix":3},"r":{"a":0,"k":0,"ix":6},"o":{"a":0,"k":100,"ix":7},"sk":{"a":0,"k":0,"ix":4},"sa":{"a":0,"k":0,"ix":5},"nm":"Transform"}],"nm":"Shape 1","np":3,"cix":2,"bm":0,"ix":1,"mn":"ADBE Vector Group","hd":false},{"ty":"tm","s":{"a":1,"k":[{"i":{"x":[0.833],"y":[0.833]},"o":{"x":[0.167],"y":[0.167]},"t":60,"s":[0],"e":[0]},{"i":{"x":[0.833],"y":[0.833]},"o":{"x":[0.167],"y":[0.167]},"t":62,"s":[0],"e":[100]},{"t":64}],"ix":1},"e":{"a":1,"k":[{"i":{"x":[0.833],"y":[0.833]},"o":{"x":[0.167],"y":[0.167]},"t":60,"s":[0],"e":[100]},{"t":62}],"ix":2},"o":{"a":0,"k":0,"ix":3},"m":1,"ix":2,"nm":"Trim Paths 1","mn":"ADBE Vector Filter - Trim","hd":false}],"ip":60,"op":66,"st":0,"bm":0},{"ddd":0,"ind":4,"ty":4,"nm":"hit","sr":1,"ks":{"o":{"a":0,"k":100,"ix":11},"r":{"a":0,"k":0,"ix":10},"p":{"a":0,"k":[983,893,0],"ix":2},"a":{"a":0,"k":[-22,-116,0],"ix":1},"s":{"a":0,"k":[100,100,100],"ix":6}},"ao":0,"shapes":[{"ty":"gr","it":[{"ind":0,"ty":"sh","ix":1,"ks":{"a":0,"k":{"i":[[0,0],[0,0]],"o":[[0,0],[0,0]],"v":[[-6,-91],[-22,-111]],"c":false},"ix":2},"nm":"Path 1","mn":"ADBE Vector Shape - Group","hd":false},{"ty":"st","c":{"a":0,"k":[0.176470588235,0.176470588235,0.176470588235,1],"ix":3},"o":{"a":0,"k":100,"ix":4},"w":{"a":0,"k":7,"ix":5},"lc":2,"lj":1,"ml":4,"bm":0,"nm":"Stroke 1","mn":"ADBE Vector Graphic - Stroke","hd":false},{"ty":"tr","p":{"a":0,"k":[0,0],"ix":2},"a":{"a":0,"k":[0,0],"ix":1},"s":{"a":0,"k":[100,100],"ix":3},"r":{"a":0,"k":0,"ix":6},"o":{"a":0,"k":100,"ix":7},"sk":{"a":0,"k":0,"ix":4},"sa":{"a":0,"k":0,"ix":5},"nm":"Transform"}],"nm":"Shape 1","np":3,"cix":2,"bm":0,"ix":1,"mn":"ADBE Vector Group","hd":false},{"ty":"tm","s":{"a":1,"k":[{"i":{"x":[0.833],"y":[0.833]},"o":{"x":[0.167],"y":[0.167]},"t":60,"s":[0],"e":[0]},{"i":{"x":[0.833],"y":[0.833]},"o":{"x":[0.167],"y":[0.167]},"t":62,"s":[0],"e":[100]},{"t":64}],"ix":1},"e":{"a":1,"k":[{"i":{"x":[0.833],"y":[0.833]},"o":{"x":[0.167],"y":[0.167]},"t":60,"s":[0],"e":[100]},{"t":62}],"ix":2},"o":{"a":0,"k":0,"ix":3},"m":1,"ix":2,"nm":"Trim Paths 1","mn":"ADBE Vector Filter - Trim","hd":false}],"ip":60,"op":66,"st":0,"bm":0},{"ddd":0,"ind":5,"ty":4,"nm":"eye Blink","parent":6,"sr":1,"ks":{"o":{"a":1,"k":[{"i":{"x":[0.833],"y":[0.833]},"o":{"x":[0.167],"y":[0.167]},"t":13,"s":[0],"e":[100]},{"i":{"x":[0.833],"y":[0.833]},"o":{"x":[0.167],"y":[0.167]},"t":14,"s":[100],"e":[100]},{"i":{"x":[0.833],"y":[0.833]},"o":{"x":[0.167],"y":[0.167]},"t":15,"s":[100],"e":[0]},{"t":16}],"ix":11},"r":{"a":0,"k":0,"ix":10},"p":{"a":0,"k":[-293,-205.876,0],"ix":2},"a":{"a":0,"k":[-293,-205.876,0],"ix":1},"s":{"a":0,"k":[100,100,100],"ix":6}},"ao":0,"shapes":[{"ty":"gr","it":[{"ind":0,"ty":"sh","ix":1,"ks":{"a":0,"k":{"i":[[-38,80],[-22,-74]],"o":[[16,-72],[56,58]],"v":[[-518,-180],[-372,-178]],"c":false},"ix":2},"nm":"Path 1","mn":"ADBE Vector Shape - Group","hd":false},{"ty":"st","c":{"a":0,"k":[0.686274509804,0.705882352941,0.16862745098,1],"ix":3},"o":{"a":0,"k":100,"ix":4},"w":{"a":0,"k":24,"ix":5},"lc":2,"lj":1,"ml":4,"bm":0,"nm":"Stroke 1","mn":"ADBE Vector Graphic - Stroke","hd":false},{"ty":"tr","p":{"a":0,"k":[304,0],"ix":2},"a":{"a":0,"k":[0,0],"ix":1},"s":{"a":0,"k":[100,100],"ix":3},"r":{"a":0,"k":0,"ix":6},"o":{"a":0,"k":100,"ix":7},"sk":{"a":0,"k":0,"ix":4},"sa":{"a":0,"k":0,"ix":5},"nm":"Transform"}],"nm":"Shape 2","np":3,"cix":2,"bm":0,"ix":1,"mn":"ADBE Vector Group","hd":false},{"ty":"gr","it":[{"ind":0,"ty":"sh","ix":1,"ks":{"a":0,"k":{"i":[[-38,80],[-22,-74]],"o":[[16,-72],[56,58]],"v":[[-518,-180],[-372,-178]],"c":false},"ix":2},"nm":"Path 1","mn":"ADBE Vector Shape - Group","hd":false},{"ty":"st","c":{"a":0,"k":[0.686274509804,0.705882352941,0.16862745098,1],"ix":3},"o":{"a":0,"k":100,"ix":4},"w":{"a":0,"k":24,"ix":5},"lc":2,"lj":1,"ml":4,"bm":0,"nm":"Stroke 1","mn":"ADBE Vector Graphic - Stroke","hd":false},{"ty":"tr","p":{"a":0,"k":[0,0],"ix":2},"a":{"a":0,"k":[0,0],"ix":1},"s":{"a":0,"k":[100,100],"ix":3},"r":{"a":0,"k":0,"ix":6},"o":{"a":0,"k":100,"ix":7},"sk":{"a":0,"k":0,"ix":4},"sa":{"a":0,"k":0,"ix":5},"nm":"Transform"}],"nm":"Shape 1","np":3,"cix":2,"bm":0,"ix":2,"mn":"ADBE Vector Group","hd":false}],"ip":0,"op":150,"st":0,"bm":0},{"ddd":0,"ind":6,"ty":4,"nm":"Avocado Eyes","parent":12,"sr":1,"ks":{"o":{"a":1,"k":[{"i":{"x":[0.833],"y":[0.833]},"o":{"x":[0.167],"y":[0.167]},"t":13,"s":[100],"e":[0]},{"i":{"x":[0.833],"y":[0.833]},"o":{"x":[0.167],"y":[0.167]},"t":14,"s":[0],"e":[0]},{"i":{"x":[0.833],"y":[0.833]},"o":{"x":[0.167],"y":[0.167]},"t":15,"s":[0],"e":[100]},{"t":16}],"ix":11},"r":{"a":0,"k":0,"ix":10},"p":{"a":1,"k":[{"i":{"x":0.89,"y":1},"o":{"x":0.11,"y":0},"t":7,"s":[-295.305,-216.709,0],"e":[-305.208,-218.1,0],"to":[-1.65,-0.232,0],"ti":[9.366,3.905,0]},{"i":{"x":0.89,"y":1},"o":{"x":0.11,"y":0},"t":12,"s":[-305.208,-218.1,0],"e":[-264.424,-209.899,0],"to":[13.925,20.945,0],"ti":[-10.998,5.515,0]},{"i":{"x":0.89,"y":1},"o":{"x":0.11,"y":0},"t":16,"s":[-264.424,-209.899,0],"e":[-275.437,-219.753,0],"to":[-6.127,7.599,0],"ti":[1.731,-0.355,0]},{"i":{"x":0.571,"y":1},"o":{"x":0.223,"y":0},"t":20,"s":[-275.437,-219.753,0],"e":[-274.809,-207.769,0],"to":[0,0,0],"ti":[0,0,0]},{"i":{"x":0.877,"y":0.877},"o":{"x":0.304,"y":0.304},"t":23,"s":[-274.809,-207.769,0],"e":[-274.809,-207.769,0],"to":[0,0,0],"ti":[0,0,0]},{"i":{"x":0.87,"y":1},"o":{"x":0.13,"y":0},"t":43,"s":[-274.809,-207.769,0],"e":[-271.669,-147.851,0],"to":[0.523,9.986,0],"ti":[0.349,6.658,0]},{"i":{"x":0.87,"y":1},"o":{"x":0.13,"y":0},"t":47,"s":[-271.669,-147.851,0],"e":[-276.903,-247.714,0],"to":[-0.349,-6.658,0],"ti":[0.523,9.986,0]},{"i":{"x":0.87,"y":1},"o":{"x":0.13,"y":0},"t":49.5,"s":[-276.903,-247.714,0],"e":[-274.809,-207.769,0],"to":[-0.523,-9.986,0],"ti":[-0.349,-6.658,0]},{"i":{"x":0.87,"y":0.87},"o":{"x":0.167,"y":0.167},"t":52,"s":[-274.809,-207.769,0],"e":[-274.809,-207.769,0],"to":[0,0,0],"ti":[0,0,0]},{"i":{"x":0.87,"y":1},"o":{"x":0.167,"y":0},"t":58,"s":[-274.809,-207.769,0],"e":[-290.013,-206.853,0],"to":[-2.534,0.153,0],"ti":[-0.67,-1.071,0]},{"i":{"x":0.87,"y":1},"o":{"x":0.167,"y":0},"t":60.7,"s":[-290.013,-206.853,0],"e":[-270.788,-201.34,0],"to":[0.67,1.071,0],"ti":[-3.204,-0.919,0]},{"i":{"x":0.87,"y":0.87},"o":{"x":0.167,"y":0.167},"t":64.3,"s":[-270.788,-201.34,0],"e":[-270.788,-201.34,0],"to":[0,0,0],"ti":[0,0,0]},{"i":{"x":0.87,"y":0.87},"o":{"x":0.167,"y":0.167},"t":67,"s":[-270.788,-201.34,0],"e":[-270.788,-201.34,0],"to":[0,0,0],"ti":[0,0,0]},{"i":{"x":0.833,"y":1},"o":{"x":0.167,"y":0},"t":88,"s":[-270.788,-201.34,0],"e":[-303.391,-222.592,0],"to":[-5.434,-3.542,0],"ti":[4.086,2.561,0]},{"i":{"x":0.833,"y":1},"o":{"x":0.11,"y":0},"t":91,"s":[-303.391,-222.592,0],"e":[-295.305,-216.709,0],"to":[-4.086,-2.561,0],"ti":[-1.348,-0.981,0]},{"t":94}],"ix":2},"a":{"a":0,"k":[-295.305,-216.709,0],"ix":1},"s":{"a":0,"k":[100,100,100],"ix":6}},"ao":0,"shapes":[{"ty":"gr","it":[{"ind":0,"ty":"sh","ix":1,"ks":{"a":0,"k":{"i":[[0,-17.058],[17.058,0],[0,17.058],[-17.058,0]],"o":[[0,17.058],[-17.058,0],[0,-17.058],[17.058,0]],"v":[[-139.457,-216.709],[-170.343,-185.822],[-201.23,-216.709],[-170.343,-247.595]],"c":true},"ix":2},"nm":"Path 1","mn":"ADBE Vector Shape - Group","hd":false},{"ty":"fl","c":{"a":0,"k":[0.176470592618,0.176470592618,0.176470592618,1],"ix":4},"o":{"a":0,"k":100,"ix":5},"r":1,"bm":0,"nm":"Fill 1","mn":"ADBE Vector Graphic - Fill","hd":false},{"ty":"tr","p":{"a":1,"k":[{"i":{"x":0.87,"y":1},"o":{"x":0.13,"y":0},"t":8,"s":[0,0],"e":[-8,0],"to":[-1.333,0],"ti":[-5.5,-3.833]},{"i":{"x":0.87,"y":1},"o":{"x":0.13,"y":0},"t":13,"s":[-8,0],"e":[33,23],"to":[5.5,3.833],"ti":[-6.833,-2.833]},{"i":{"x":0.87,"y":1},"o":{"x":0.13,"y":0},"t":17,"s":[33,23],"e":[33,17],"to":[6.833,2.833],"ti":[0,1]},{"i":{"x":0.87,"y":1},"o":{"x":0.16,"y":0},"t":21,"s":[33,17],"e":[33,17],"to":[0,0],"ti":[0,1]},{"i":{"x":0.592,"y":1},"o":{"x":0.16,"y":0},"t":47,"s":[33,17],"e":[33,10],"to":[0,0],"ti":[0,0]},{"i":{"x":0.592,"y":0.592},"o":{"x":0.444,"y":0.444},"t":50,"s":[33,10],"e":[33,10],"to":[0,0],"ti":[0,0]},{"i":{"x":0.833,"y":1},"o":{"x":0.444,"y":0},"t":89,"s":[33,10],"e":[-4.086,-5.942],"to":[0,0],"ti":[5.5,1.667]},{"i":{"x":0.833,"y":1},"o":{"x":0.167,"y":0},"t":92,"s":[-4.086,-5.942],"e":[0,0],"to":[-5.5,-1.667],"ti":[-0.681,-0.99]},{"t":94.5712890625}],"ix":2},"a":{"a":0,"k":[0,0],"ix":1},"s":{"a":0,"k":[100,100],"ix":3},"r":{"a":0,"k":0,"ix":6},"o":{"a":0,"k":100,"ix":7},"sk":{"a":0,"k":0,"ix":4},"sa":{"a":0,"k":0,"ix":5},"nm":"Transform"}],"nm":"pupil right","np":2,"cix":2,"bm":0,"ix":1,"mn":"ADBE Vector Group","hd":false},{"ty":"gr","it":[{"ind":0,"ty":"sh","ix":1,"ks":{"a":0,"k":{"i":[[0,-45.679],[45.679,0],[0,45.679],[-45.679,0]],"o":[[0,45.679],[-45.679,0],[0,-45.679],[45.679,0]],"v":[[-64.984,-216.709],[-147.692,-134],[-230.401,-216.709],[-147.692,-299.417]],"c":true},"ix":2},"nm":"Path 1","mn":"ADBE Vector Shape - Group","hd":false},{"ty":"st","c":{"a":0,"k":[0.686274528503,0.705882370472,0.168627455831,1],"ix":3},"o":{"a":0,"k":100,"ix":4},"w":{"a":0,"k":11.325,"ix":5},"lc":1,"lj":1,"ml":10,"bm":0,"nm":"Stroke 1","mn":"ADBE Vector Graphic - Stroke","hd":false},{"ty":"fl","c":{"a":0,"k":[1,1,1,1],"ix":4},"o":{"a":0,"k":100,"ix":5},"r":1,"bm":0,"nm":"Fill 1","mn":"ADBE Vector Graphic - Fill","hd":false},{"ty":"tr","p":{"a":0,"k":[0,0],"ix":2},"a":{"a":0,"k":[0,0],"ix":1},"s":{"a":0,"k":[100,100],"ix":3},"r":{"a":0,"k":0,"ix":6},"o":{"a":0,"k":100,"ix":7},"sk":{"a":0,"k":0,"ix":4},"sa":{"a":0,"k":0,"ix":5},"nm":"Transform"}],"nm":"Group 2","np":3,"cix":2,"bm":0,"ix":2,"mn":"ADBE Vector Group","hd":false},{"ty":"gr","it":[{"ind":0,"ty":"sh","ix":1,"ks":{"a":0,"k":{"i":[[0,-17.058],[17.058,0],[0,17.058],[-17.058,0]],"o":[[0,17.058],[-17.058,0],[0,-17.058],[17.058,0]],"v":[[-389.38,-216.709],[-420.267,-185.822],[-451.154,-216.709],[-420.267,-247.595]],"c":true},"ix":2},"nm":"Path 1","mn":"ADBE Vector Shape - Group","hd":false},{"ty":"fl","c":{"a":0,"k":[0.176470592618,0.176470592618,0.176470592618,1],"ix":4},"o":{"a":0,"k":100,"ix":5},"r":1,"bm":0,"nm":"Fill 1","mn":"ADBE Vector Graphic - Fill","hd":false},{"ty":"tr","p":{"a":1,"k":[{"i":{"x":0.87,"y":1},"o":{"x":0.13,"y":0},"t":8,"s":[0,0],"e":[-12,0],"to":[-2,0],"ti":[0,-4]},{"i":{"x":0.87,"y":1},"o":{"x":0.13,"y":0},"t":13,"s":[-12,0],"e":[0,24],"to":[0,4],"ti":[-2,-2.167]},{"i":{"x":0.87,"y":1},"o":{"x":0.13,"y":0},"t":17,"s":[0,24],"e":[0,13],"to":[2,2.167],"ti":[0,1.833]},{"i":{"x":0.87,"y":1},"o":{"x":0.16,"y":0},"t":21,"s":[0,13],"e":[0,13],"to":[0,0],"ti":[0,1.833]},{"i":{"x":0.592,"y":1},"o":{"x":0.16,"y":0},"t":47,"s":[0,13],"e":[0,4],"to":[0,0],"ti":[0,0]},{"i":{"x":0.592,"y":0.592},"o":{"x":0.444,"y":0.444},"t":50,"s":[0,4],"e":[0,4],"to":[0,0],"ti":[0,0]},{"i":{"x":0.833,"y":1},"o":{"x":0.444,"y":0},"t":89,"s":[0,4],"e":[-6.086,-5.913],"to":[0,0],"ti":[0,0.667]},{"i":{"x":0.833,"y":1},"o":{"x":0.167,"y":0},"t":92,"s":[-6.086,-5.913],"e":[0,0],"to":[0,-0.667],"ti":[-1.014,-0.985]},{"t":94.5712890625}],"ix":2},"a":{"a":0,"k":[0,0],"ix":1},"s":{"a":0,"k":[100,100],"ix":3},"r":{"a":0,"k":0,"ix":6},"o":{"a":0,"k":100,"ix":7},"sk":{"a":0,"k":0,"ix":4},"sa":{"a":0,"k":0,"ix":5},"nm":"Transform"}],"nm":"pupil left","np":2,"cix":2,"bm":0,"ix":3,"mn":"ADBE Vector Group","hd":false},{"ty":"gr","it":[{"ind":0,"ty":"sh","ix":1,"ks":{"a":0,"k":{"i":[[0,-45.679],[45.679,0],[0,45.679],[-45.679,0]],"o":[[0,45.679],[-45.679,0],[0,-45.679],[45.679,0]],"v":[[-360.209,-216.709],[-442.918,-134],[-525.626,-216.709],[-442.918,-299.417]],"c":true},"ix":2},"nm":"Path 1","mn":"ADBE Vector Shape - Group","hd":false},{"ty":"st","c":{"a":0,"k":[0.686274528503,0.705882370472,0.168627455831,1],"ix":3},"o":{"a":0,"k":100,"ix":4},"w":{"a":0,"k":11.325,"ix":5},"lc":1,"lj":1,"ml":10,"bm":0,"nm":"Stroke 1","mn":"ADBE Vector Graphic - Stroke","hd":false},{"ty":"fl","c":{"a":0,"k":[1,1,1,1],"ix":4},"o":{"a":0,"k":100,"ix":5},"r":1,"bm":0,"nm":"Fill 1","mn":"ADBE Vector Graphic - Fill","hd":false},{"ty":"tr","p":{"a":0,"k":[0,0],"ix":2},"a":{"a":0,"k":[0,0],"ix":1},"s":{"a":0,"k":[100,100],"ix":3},"r":{"a":0,"k":0,"ix":6},"o":{"a":0,"k":100,"ix":7},"sk":{"a":0,"k":0,"ix":4},"sa":{"a":0,"k":0,"ix":5},"nm":"Transform"}],"nm":"Group 4","np":3,"cix":2,"bm":0,"ix":4,"mn":"ADBE Vector Group","hd":false}],"ip":0,"op":150,"st":0,"bm":0},{"ddd":0,"ind":7,"ty":4,"nm":"Avocado Mouth","parent":6,"sr":1,"ks":{"o":{"a":0,"k":100,"ix":11},"r":{"a":0,"k":0,"ix":10},"p":{"a":1,"k":[{"i":{"x":0.833,"y":0.833},"o":{"x":0.167,"y":0.167},"t":7,"s":[-293.294,-167.196,0],"e":[-289.333,-166.639,0],"to":[0.66,0.093,0],"ti":[-1.358,-0.355,0]},{"i":{"x":0.833,"y":0.833},"o":{"x":0.167,"y":0.167},"t":12,"s":[-289.333,-166.639,0],"e":[-285.146,-165.068,0],"to":[1.358,0.355,0],"ti":[-0.006,0.128,0]},{"i":{"x":0.833,"y":0.833},"o":{"x":0.167,"y":0.167},"t":16,"s":[-285.146,-165.068,0],"e":[-289.3,-167.405,0],"to":[0.006,-0.128,0],"ti":[0.692,0.389,0]},{"i":{"x":0.833,"y":0.833},"o":{"x":0.167,"y":0.167},"t":20,"s":[-289.3,-167.405,0],"e":[-289.3,-167.405,0],"to":[0,0,0],"ti":[0,0,0]},{"i":{"x":0.833,"y":0.833},"o":{"x":0.167,"y":0.167},"t":89,"s":[-289.3,-167.405,0],"e":[-293.294,-167.196,0],"to":[-0.666,0.035,0],"ti":[0.666,-0.035,0]},{"t":92}],"ix":2},"a":{"a":0,"k":[-293.294,-167.196,0],"ix":1},"s":{"a":0,"k":[100,100,100],"ix":6}},"ao":0,"shapes":[{"ty":"gr","it":[{"ind":0,"ty":"sh","ix":1,"ks":{"a":0,"k":{"i":[[-13.617,9.406],[-28.356,0],[-14.409,-10.54],[35.57,0]],"o":[[13.617,-9.406],[28.356,0],[14.409,10.54],[-35.57,0]],"v":[[-334.088,-187.845],[-294.292,-175.427],[-252.575,-187.845],[-294.292,-143.779]],"c":true},"ix":2},"nm":"Path 1","mn":"ADBE Vector Shape - Group","hd":false},{"ty":"st","c":{"a":0,"k":[0.686274528503,0.705882370472,0.168627455831,1],"ix":3},"o":{"a":0,"k":100,"ix":4},"w":{"a":0,"k":11.325,"ix":5},"lc":1,"lj":1,"ml":10,"bm":0,"nm":"Stroke 1","mn":"ADBE Vector Graphic - Stroke","hd":false},{"ty":"fl","c":{"a":0,"k":[1,1,1,1],"ix":4},"o":{"a":0,"k":100,"ix":5},"r":1,"bm":0,"nm":"Fill 1","mn":"ADBE Vector Graphic - Fill","hd":false},{"ty":"tr","p":{"a":0,"k":[0,0],"ix":2},"a":{"a":0,"k":[0,0],"ix":1},"s":{"a":0,"k":[100,100],"ix":3},"r":{"a":0,"k":0,"ix":6},"o":{"a":0,"k":100,"ix":7},"sk":{"a":0,"k":0,"ix":4},"sa":{"a":0,"k":0,"ix":5},"nm":"Transform"}],"nm":"Group 1","np":3,"cix":2,"bm":0,"ix":1,"mn":"ADBE Vector Group","hd":false}],"ip":0,"op":150,"st":0,"bm":0},{"ddd":0,"ind":8,"ty":4,"nm":"Avocado Right Leg","sr":1,"ks":{"o":{"a":0,"k":100,"ix":11},"r":{"a":1,"k":[{"i":{"x":[0.833],"y":[0.94]},"o":{"x":[0.167],"y":[0.167]},"t":58,"s":[0],"e":[-78]},{"i":{"x":[0.833],"y":[0.849]},"o":{"x":[0.167],"y":[-0.524]},"t":61,"s":[-78],"e":[-66]},{"i":{"x":[0.833],"y":[0.833]},"o":{"x":[0.167],"y":[0.194]},"t":65,"s":[-66],"e":[-59]},{"i":{"x":[0.833],"y":[1]},"o":{"x":[0.167],"y":[7.389]},"t":68,"s":[-59],"e":[-59]},{"i":{"x":[0.833],"y":[1.147]},"o":{"x":[0.167],"y":[0]},"t":87,"s":[-59],"e":[0]},{"t":89}],"ix":10},"p":{"a":1,"k":[{"i":{"x":0.833,"y":0.833},"o":{"x":0.167,"y":0.167},"t":58,"s":[742.478,1341.95,0],"e":[762.478,1321.95,0],"to":[3.333,-3.333,0],"ti":[-3.333,3.333,0]},{"i":{"x":0.833,"y":0.833},"o":{"x":0.167,"y":0.167},"t":61,"s":[762.478,1321.95,0],"e":[762.478,1321.95,0],"to":[0,0,0],"ti":[0,0,0]},{"i":{"x":0.833,"y":0.833},"o":{"x":0.167,"y":0.167},"t":87,"s":[762.478,1321.95,0],"e":[742.478,1341.95,0],"to":[-3.333,3.333,0],"ti":[3.333,-3.333,0]},{"t":89}],"ix":2},"a":{"a":0,"k":[-257.522,341.95,0],"ix":1},"s":{"a":0,"k":[100,100,100],"ix":6}},"ao":0,"shapes":[{"ty":"gr","it":[{"ind":0,"ty":"sh","ix":1,"ks":{"a":0,"k":{"i":[[0,0],[0,0],[0,0]],"o":[[0,0],[0,0],[0,0]],"v":[[-203.33,439.829],[-258.496,439.829],[-258.496,356.072]],"c":false},"ix":2},"nm":"Path 1","mn":"ADBE Vector Shape - Group","hd":false},{"ty":"st","c":{"a":0,"k":[0.686274528503,0.705882370472,0.168627455831,1],"ix":3},"o":{"a":0,"k":100,"ix":4},"w":{"a":0,"k":22.651,"ix":5},"lc":2,"lj":1,"ml":10,"bm":0,"nm":"Stroke 1","mn":"ADBE Vector Graphic - Stroke","hd":false},{"ty":"tr","p":{"a":0,"k":[0,0],"ix":2},"a":{"a":0,"k":[0,0],"ix":1},"s":{"a":0,"k":[100,100],"ix":3},"r":{"a":0,"k":0,"ix":6},"o":{"a":0,"k":100,"ix":7},"sk":{"a":0,"k":0,"ix":4},"sa":{"a":0,"k":0,"ix":5},"nm":"Transform"}],"nm":"Group 1","np":2,"cix":2,"bm":0,"ix":1,"mn":"ADBE Vector Group","hd":false}],"ip":0,"op":150,"st":0,"bm":0},{"ddd":0,"ind":9,"ty":4,"nm":"Avocado Left Leg","sr":1,"ks":{"o":{"a":0,"k":100,"ix":11},"r":{"a":0,"k":0,"ix":10},"p":{"a":0,"k":[690.478,1343.95,0],"ix":2},"a":{"a":0,"k":[-309.522,343.95,0],"ix":1},"s":{"a":0,"k":[100,100,100],"ix":6}},"ao":0,"shapes":[{"ty":"gr","it":[{"ind":0,"ty":"sh","ix":1,"ks":{"a":0,"k":{"i":[[0,0],[0,0],[0,0]],"o":[[0,0],[0,0],[0,0]],"v":[[-367.715,439.829],[-312.548,439.829],[-312.548,352.072]],"c":false},"ix":2},"nm":"Path 1","mn":"ADBE Vector Shape - Group","hd":false},{"ty":"st","c":{"a":0,"k":[0.686274528503,0.705882370472,0.168627455831,1],"ix":3},"o":{"a":0,"k":100,"ix":4},"w":{"a":0,"k":22.651,"ix":5},"lc":2,"lj":1,"ml":10,"bm":0,"nm":"Stroke 1","mn":"ADBE Vector Graphic - Stroke","hd":false},{"ty":"tr","p":{"a":0,"k":[0,0],"ix":2},"a":{"a":0,"k":[0,0],"ix":1},"s":{"a":0,"k":[100,100],"ix":3},"r":{"a":0,"k":0,"ix":6},"o":{"a":0,"k":100,"ix":7},"sk":{"a":0,"k":0,"ix":4},"sa":{"a":0,"k":0,"ix":5},"nm":"Transform"}],"nm":"Group 2","np":2,"cix":2,"bm":0,"ix":2,"mn":"ADBE Vector Group","hd":false}],"ip":0,"op":150,"st":0,"bm":0},{"ddd":0,"ind":10,"ty":4,"nm":"Right Arm 2","parent":12,"sr":1,"ks":{"o":{"a":0,"k":100,"ix":11},"r":{"a":1,"k":[{"i":{"x":[0.92],"y":[1]},"o":{"x":[0.08],"y":[0]},"t":8,"s":[58],"e":[61]},{"i":{"x":[0.92],"y":[1]},"o":{"x":[0.08],"y":[0]},"t":13,"s":[61],"e":[49.957]},{"i":{"x":[0.92],"y":[1]},"o":{"x":[0.08],"y":[0]},"t":16,"s":[49.957],"e":[51.998]},{"i":{"x":[0.625],"y":[0.594]},"o":{"x":[0.08],"y":[0]},"t":20,"s":[51.998],"e":[51.998]},{"i":{"x":[0.971],"y":[1]},"o":{"x":[0.311],"y":[0.041]},"t":42,"s":[51.998],"e":[58]},{"i":{"x":[0.97],"y":[1]},"o":{"x":[0.03],"y":[0]},"t":58,"s":[58],"e":[164]},{"i":{"x":[0.97],"y":[1]},"o":{"x":[0.03],"y":[0]},"t":60,"s":[164],"e":[133]},{"i":{"x":[0.97],"y":[1]},"o":{"x":[0.03],"y":[0]},"t":64.429,"s":[133],"e":[143]},{"i":{"x":[0.97],"y":[1]},"o":{"x":[0.03],"y":[0]},"t":67,"s":[143],"e":[143]},{"i":{"x":[0.92],"y":[1]},"o":{"x":[0.03],"y":[0]},"t":87,"s":[143],"e":[58]},{"i":{"x":[0.539],"y":[1]},"o":{"x":[0.084],"y":[0]},"t":88,"s":[58],"e":[58]},{"i":{"x":[0.842],"y":[1]},"o":{"x":[0.418],"y":[0]},"t":90,"s":[58],"e":[58]},{"t":93}],"ix":10},"p":{"a":1,"k":[{"i":{"x":0.833,"y":0.833},"o":{"x":0.167,"y":0.167},"t":54,"s":[-559.233,44.324,0],"e":[-557.228,44.114,0],"to":[0.334,-0.035,0],"ti":[-2.168,0.07,0]},{"i":{"x":0.833,"y":0.833},"o":{"x":0.167,"y":0.167},"t":58,"s":[-557.228,44.114,0],"e":[-546.222,43.905,0],"to":[2.168,-0.07,0],"ti":[-1.834,0.035,0]},{"i":{"x":0.833,"y":0.833},"o":{"x":0.167,"y":0.167},"t":59,"s":[-546.222,43.905,0],"e":[-546.222,43.905,0],"to":[0,0,0],"ti":[0,0,0]},{"i":{"x":0.833,"y":0.833},"o":{"x":0.167,"y":0.167},"t":87,"s":[-546.222,43.905,0],"e":[-559.225,44.01,0],"to":[-2.167,0.017,0],"ti":[2.167,-0.017,0]},{"t":88}],"ix":2},"a":{"a":0,"k":[-114,-50,0],"ix":1},"s":{"a":0,"k":[100,100,100],"ix":6}},"ao":0,"shapes":[{"ty":"gr","it":[{"ind":0,"ty":"sh","ix":1,"ks":{"a":1,"k":[{"i":{"x":0.833,"y":0.833},"o":{"x":0.167,"y":0.167},"t":54,"s":[{"i":[[0,0],[0,0],[0,0]],"o":[[0,0],[0,0],[0,0]],"v":[[-97.446,-38.777],[-33.527,5.887],[62.993,65.097]],"c":false}],"e":[{"i":[[0,0],[0,0],[0,0]],"o":[[0,0],[0,0],[0,0]],"v":[[-114,-50],[-33.527,5.887],[62.993,65.097]],"c":false}]},{"i":{"x":0.833,"y":0.833},"o":{"x":0.167,"y":0.167},"t":58,"s":[{"i":[[0,0],[0,0],[0,0]],"o":[[0,0],[0,0],[0,0]],"v":[[-114,-50],[-33.527,5.887],[62.993,65.097]],"c":false}],"e":[{"i":[[0,0],[-40.506,14.569],[0,0]],"o":[[0,0],[49.784,-17.906],[0,0]],"v":[[-114,-50],[-30.428,-1.41],[-2.38,-58.297]],"c":false}]},{"i":{"x":0.833,"y":0.833},"o":{"x":0.167,"y":0.167},"t":59,"s":[{"i":[[0,0],[-40.506,14.569],[0,0]],"o":[[0,0],[49.784,-17.906],[0,0]],"v":[[-114,-50],[-30.428,-1.41],[-2.38,-58.297]],"c":false}],"e":[{"i":[[0,0],[-40.506,14.569],[0,0]],"o":[[0,0],[49.784,-17.906],[0,0]],"v":[[-114,-50],[-30.428,-1.41],[-2.38,-58.297]],"c":false}]},{"i":{"x":0.833,"y":0.833},"o":{"x":0.167,"y":0.167},"t":87,"s":[{"i":[[0,0],[-40.506,14.569],[0,0]],"o":[[0,0],[49.784,-17.906],[0,0]],"v":[[-114,-50],[-30.428,-1.41],[-2.38,-58.297]],"c":false}],"e":[{"i":[[0,0],[0,0],[0,0]],"o":[[0,0],[0,0],[0,0]],"v":[[-114,-50],[-33.527,5.887],[62.993,65.097]],"c":false}]},{"t":88}],"ix":2},"nm":"Path 1","mn":"ADBE Vector Shape - Group","hd":false},{"ty":"st","c":{"a":0,"k":[0.686274509804,0.705882352941,0.16862745098,1],"ix":3},"o":{"a":0,"k":100,"ix":4},"w":{"a":0,"k":20,"ix":5},"lc":2,"lj":2,"bm":0,"nm":"Stroke 1","mn":"ADBE Vector Graphic - Stroke","hd":false},{"ty":"tr","p":{"a":0,"k":[0,0],"ix":2},"a":{"a":0,"k":[0,0],"ix":1},"s":{"a":0,"k":[100,100],"ix":3},"r":{"a":0,"k":0,"ix":6},"o":{"a":0,"k":100,"ix":7},"sk":{"a":0,"k":0,"ix":4},"sa":{"a":0,"k":0,"ix":5},"nm":"Transform"}],"nm":"Shape 1","np":3,"cix":2,"bm":0,"ix":1,"mn":"ADBE Vector Group","hd":false}],"ip":0,"op":150,"st":0,"bm":0},{"ddd":0,"ind":11,"ty":4,"nm":"Right Arm","parent":12,"sr":1,"ks":{"o":{"a":0,"k":100,"ix":11},"r":{"a":1,"k":[{"i":{"x":[0.92],"y":[1]},"o":{"x":[0.08],"y":[0]},"t":9,"s":[58],"e":[61]},{"i":{"x":[0.92],"y":[1]},"o":{"x":[0.08],"y":[0]},"t":14,"s":[61],"e":[46.854]},{"i":{"x":[0.92],"y":[1]},"o":{"x":[0.08],"y":[0]},"t":17,"s":[46.854],"e":[52.326]},{"i":{"x":[0.833],"y":[1]},"o":{"x":[0.08],"y":[0]},"t":21,"s":[52.326],"e":[52.326]},{"i":{"x":[0.833],"y":[0.833]},"o":{"x":[0.167],"y":[0.167]},"t":42,"s":[52.326],"e":[58]},{"i":{"x":[0.833],"y":[0.833]},"o":{"x":[0.167],"y":[0.167]},"t":45,"s":[58],"e":[-85.2]},{"i":{"x":[0.833],"y":[0.833]},"o":{"x":[0.167],"y":[0.167]},"t":47,"s":[-85.2],"e":[-89.2]},{"i":{"x":[0.833],"y":[0.833]},"o":{"x":[0.167],"y":[0.167]},"t":49,"s":[-89.2],"e":[-97.2]},{"i":{"x":[0.833],"y":[0.833]},"o":{"x":[0.167],"y":[0.167]},"t":51,"s":[-97.2],"e":[-97.2]},{"i":{"x":[0.833],"y":[0.833]},"o":{"x":[0.167],"y":[0.167]},"t":57,"s":[-97.2],"e":[-109.2]},{"i":{"x":[0.833],"y":[0.833]},"o":{"x":[0.167],"y":[0.167]},"t":59,"s":[-109.2],"e":[34.8]},{"i":{"x":[0.833],"y":[0.833]},"o":{"x":[0.167],"y":[0.167]},"t":60,"s":[34.8],"e":[26.8]},{"i":{"x":[0.833],"y":[0.833]},"o":{"x":[0.167],"y":[0.167]},"t":62,"s":[26.8],"e":[16]},{"i":{"x":[0.833],"y":[1]},"o":{"x":[0.167],"y":[0.167]},"t":87,"s":[16],"e":[58]},{"i":{"x":[0.833],"y":[1]},"o":{"x":[0.084],"y":[0]},"t":88,"s":[58],"e":[65]},{"i":{"x":[0.842],"y":[1]},"o":{"x":[0.084],"y":[0]},"t":90,"s":[65],"e":[58]},{"t":93}],"ix":10},"p":{"a":0,"k":[-27.403,69.93,0],"ix":2},"a":{"a":0,"k":[-114,-50,0],"ix":1},"s":{"a":0,"k":[100,100,100],"ix":6}},"ao":0,"shapes":[{"ty":"gr","it":[{"ind":0,"ty":"sh","ix":1,"ks":{"a":1,"k":[{"i":{"x":0.833,"y":0.833},"o":{"x":0.167,"y":0.167},"t":45,"s":[{"i":[[0,0],[0,0],[0,0]],"o":[[0,0],[0,0],[0,0]],"v":[[-111.706,-53.277],[-28.938,-0.666],[35.856,48.14]],"c":false}],"e":[{"i":[[0,0],[-45.3,-9.644],[0,0]],"o":[[0,0],[45.3,9.644],[0,0]],"v":[[-111.706,-53.277],[-28.938,-0.666],[51.253,-10.707]],"c":false}]},{"i":{"x":0.833,"y":0.833},"o":{"x":0.167,"y":0.167},"t":47,"s":[{"i":[[0,0],[-45.3,-9.644],[0,0]],"o":[[0,0],[45.3,9.644],[0,0]],"v":[[-111.706,-53.277],[-28.938,-0.666],[51.253,-10.707]],"c":false}],"e":[{"i":[[0,0],[-45.3,-9.644],[0,0]],"o":[[0,0],[45.3,9.644],[0,0]],"v":[[-111.706,-53.277],[-28.938,-0.666],[51.253,-10.707]],"c":false}]},{"i":{"x":0.833,"y":0.833},"o":{"x":0.167,"y":0.167},"t":49,"s":[{"i":[[0,0],[-45.3,-9.644],[0,0]],"o":[[0,0],[45.3,9.644],[0,0]],"v":[[-111.706,-53.277],[-28.938,-0.666],[51.253,-10.707]],"c":false}],"e":[{"i":[[0,0],[-45.3,-9.644],[0,0]],"o":[[0,0],[45.3,9.644],[0,0]],"v":[[-111.706,-53.277],[-28.938,-0.666],[51.253,-10.707]],"c":false}]},{"i":{"x":0.833,"y":0.833},"o":{"x":0.167,"y":0.167},"t":59,"s":[{"i":[[0,0],[-45.3,-9.644],[0,0]],"o":[[0,0],[45.3,9.644],[0,0]],"v":[[-111.706,-53.277],[-28.938,-0.666],[51.253,-10.707]],"c":false}],"e":[{"i":[[0,0],[0,0],[0,0]],"o":[[0,0],[0,0],[0,0]],"v":[[-114,-50],[24.008,-112.937],[21.373,-134.65]],"c":false}]},{"i":{"x":0.833,"y":0.833},"o":{"x":0.167,"y":0.167},"t":60,"s":[{"i":[[0,0],[0,0],[0,0]],"o":[[0,0],[0,0],[0,0]],"v":[[-114,-50],[24.008,-112.937],[21.373,-134.65]],"c":false}],"e":[{"i":[[0,0],[0,0],[0,0]],"o":[[0,0],[0,0],[0,0]],"v":[[-114,-50],[23.754,-109.89],[21.978,-132.767]],"c":false}]},{"i":{"x":0.833,"y":0.833},"o":{"x":0.167,"y":0.167},"t":62,"s":[{"i":[[0,0],[0,0],[0,0]],"o":[[0,0],[0,0],[0,0]],"v":[[-114,-50],[23.754,-109.89],[21.978,-132.767]],"c":false}],"e":[{"i":[[0,0],[0,0],[0,0]],"o":[[0,0],[0,0],[0,0]],"v":[[-114,-50],[5.865,-118.588],[1.86,-142.598]],"c":false}]},{"i":{"x":0.833,"y":0.833},"o":{"x":0.167,"y":0.167},"t":64,"s":[{"i":[[0,0],[0,0],[0,0]],"o":[[0,0],[0,0],[0,0]],"v":[[-114,-50],[5.865,-118.588],[1.86,-142.598]],"c":false}],"e":[{"i":[[0,0],[0,0],[0,0]],"o":[[0,0],[0,0],[0,0]],"v":[[-114,-50],[6.413,-117.993],[2.499,-141.526]],"c":false}]},{"i":{"x":0.833,"y":0.833},"o":{"x":0.167,"y":0.167},"t":65,"s":[{"i":[[0,0],[0,0],[0,0]],"o":[[0,0],[0,0],[0,0]],"v":[[-114,-50],[6.413,-117.993],[2.499,-141.526]],"c":false}],"e":[{"i":[[0,0],[0,0],[0,0]],"o":[[0,0],[0,0],[0,0]],"v":[[-114,-50],[16,-107],[16,-131]],"c":false}]},{"i":{"x":0.833,"y":0.833},"o":{"x":0.167,"y":0.167},"t":87,"s":[{"i":[[0,0],[0,0],[0,0]],"o":[[0,0],[0,0],[0,0]],"v":[[-114,-50],[16,-107],[16,-131]],"c":false}],"e":[{"i":[[0,0],[0,0],[0,0]],"o":[[0,0],[0,0],[0,0]],"v":[[-111.706,-53.277],[-28.938,-0.666],[35.856,48.14]],"c":false}]},{"t":88}],"ix":2},"nm":"Path 1","mn":"ADBE Vector Shape - Group","hd":false},{"ty":"st","c":{"a":0,"k":[0.686274509804,0.705882352941,0.16862745098,1],"ix":3},"o":{"a":0,"k":100,"ix":4},"w":{"a":0,"k":20,"ix":5},"lc":2,"lj":2,"bm":0,"nm":"Stroke 1","mn":"ADBE Vector Graphic - Stroke","hd":false},{"ty":"tr","p":{"a":0,"k":[0,0],"ix":2},"a":{"a":0,"k":[0,0],"ix":1},"s":{"a":0,"k":[100,100],"ix":3},"r":{"a":0,"k":0,"ix":6},"o":{"a":0,"k":100,"ix":7},"sk":{"a":0,"k":0,"ix":4},"sa":{"a":0,"k":0,"ix":5},"nm":"Transform"}],"nm":"Shape 1","np":3,"cix":2,"bm":0,"ix":1,"mn":"ADBE Vector Group","hd":false}],"ip":0,"op":150,"st":0,"bm":0},{"ddd":0,"ind":12,"ty":4,"nm":"Avocado Body ","sr":1,"ks":{"o":{"a":0,"k":100,"ix":11},"r":{"a":1,"k":[{"i":{"x":[0.567],"y":[1]},"o":{"x":[0.8],"y":[0]},"t":7,"s":[0],"e":[-8]},{"i":{"x":[0.203],"y":[1]},"o":{"x":[0.592],"y":[0]},"t":12,"s":[-8],"e":[6]},{"i":{"x":[0.833],"y":[0.833]},"o":{"x":[0.12],"y":[0]},"t":16,"s":[6],"e":[3]},{"i":{"x":[0.87],"y":[1]},"o":{"x":[0.167],"y":[0]},"t":20,"s":[3],"e":[3]},{"i":{"x":[0.87],"y":[1]},"o":{"x":[0.13],"y":[0]},"t":46,"s":[3],"e":[-5]},{"i":{"x":[0.87],"y":[1]},"o":{"x":[0.13],"y":[0]},"t":49.6,"s":[-5],"e":[-3]},{"i":{"x":[0.833],"y":[1]},"o":{"x":[0.13],"y":[0]},"t":53,"s":[-3],"e":[-3]},{"i":{"x":[0.833],"y":[0.833]},"o":{"x":[0.167],"y":[0.167]},"t":58,"s":[-3],"e":[-21]},{"i":{"x":[0.833],"y":[0.833]},"o":{"x":[0.167],"y":[0.167]},"t":60,"s":[-21],"e":[-16]},{"i":{"x":[0.833],"y":[0.833]},"o":{"x":[0.167],"y":[0.167]},"t":64,"s":[-16],"e":[-16]},{"i":{"x":[0.31],"y":[1]},"o":{"x":[0.167],"y":[0.167]},"t":87,"s":[-16],"e":[4]},{"i":{"x":[0.833],"y":[1]},"o":{"x":[0.167],"y":[0]},"t":89,"s":[4],"e":[0]},{"t":93}],"ix":10},"p":{"a":1,"k":[{"i":{"x":0.87,"y":1},"o":{"x":0.13,"y":0},"t":12,"s":[708.971,1347.05,0],"e":[708.971,1361.05,0],"to":[0,0,0],"ti":[0,0,0]},{"i":{"x":0.87,"y":1},"o":{"x":0.13,"y":0},"t":15,"s":[708.971,1361.05,0],"e":[708.971,1347.05,0],"to":[0,0,0],"ti":[0,0,0]},{"t":17}],"ix":2},"a":{"a":0,"k":[-291.029,347.05,0],"ix":1},"s":{"a":0,"k":[100,100,100],"ix":6}},"ao":0,"shapes":[{"ty":"gr","it":[{"ind":0,"ty":"sh","ix":1,"ks":{"a":0,"k":{"i":[[-18.675,-48.387],[23.081,-48.12],[58.072,0],[18.28,38.111],[-19.217,49.79],[-60.343,0]],"o":[[19.217,49.79],[-18.28,38.111],[-58.072,0],[-23.081,-48.12],[18.675,-48.387],[60.343,0]],"v":[[-180.202,5.053],[-185.462,158.619],[-294.427,232.182],[-403.391,158.619],[-408.652,5.053],[-294.427,-102.69]],"c":true},"ix":2},"nm":"Path 1","mn":"ADBE Vector Shape - Group","hd":false},{"ty":"gf","o":{"a":0,"k":100,"ix":10},"r":1,"bm":0,"g":{"p":3,"k":{"a":0,"k":[0,0.847,0.835,0.443,0.5,0.904,0.893,0.534,1,0.961,0.951,0.624],"ix":9}},"s":{"a":0,"k":[-297.609,79.188],"ix":5},"e":{"a":0,"k":[-87.508,36.734],"ix":6},"t":1,"nm":"Gradient Fill 1","mn":"ADBE Vector Graphic - G-Fill","hd":false},{"ty":"fl","c":{"a":0,"k":[0.847058832645,0.835294127464,0.443137258291,1],"ix":4},"o":{"a":0,"k":100,"ix":5},"r":1,"bm":0,"nm":"Fill 1","mn":"ADBE Vector Graphic - Fill","hd":false},{"ty":"tr","p":{"a":0,"k":[-293.69,224.478],"ix":2},"a":{"a":0,"k":[-293.69,226.478],"ix":1},"s":{"a":1,"k":[{"i":{"x":[0.579,0.579],"y":[1,1]},"o":{"x":[0.235,0.235],"y":[0,0]},"t":13,"s":[100,100],"e":[100,90]},{"i":{"x":[0.625,0.625],"y":[1,1]},"o":{"x":[0.283,0.283],"y":[0,0]},"t":16,"s":[100,90],"e":[100,102]},{"i":{"x":[0.641,0.641],"y":[1,1]},"o":{"x":[0.304,0.304],"y":[0,0]},"t":19,"s":[100,102],"e":[100,100]},{"i":{"x":[0.846,0.846],"y":[1,1]},"o":{"x":[0.35,0.35],"y":[0,0]},"t":22,"s":[100,100],"e":[100,100]},{"i":{"x":[0.87,0.87],"y":[1,1]},"o":{"x":[0.13,0.13],"y":[0,0]},"t":43,"s":[100,100],"e":[100,81]},{"i":{"x":[0.87,0.87],"y":[1,1]},"o":{"x":[0.13,0.13],"y":[0,0]},"t":47,"s":[100,81],"e":[100,108]},{"i":{"x":[0.87,0.87],"y":[1,1]},"o":{"x":[0.13,0.13],"y":[0,0]},"t":50,"s":[100,108],"e":[100,100]},{"i":{"x":[0.833,0.833],"y":[1,1]},"o":{"x":[0.167,0.167],"y":[0,0]},"t":53,"s":[100,100],"e":[100,100]},{"i":{"x":[0.833,0.833],"y":[1,1]},"o":{"x":[0.167,0.167],"y":[0,0]},"t":87,"s":[100,100],"e":[100,96]},{"i":{"x":[0.833,0.833],"y":[1,1]},"o":{"x":[0.167,0.167],"y":[0,0]},"t":89,"s":[100,96],"e":[100,100]},{"t":91}],"ix":3},"r":{"a":0,"k":0,"ix":6},"o":{"a":0,"k":100,"ix":7},"sk":{"a":0,"k":0,"ix":4},"sa":{"a":0,"k":0,"ix":5},"nm":"Transform"}],"nm":"Pit Hollow","np":3,"cix":2,"bm":0,"ix":1,"mn":"ADBE Vector Group","hd":false},{"ty":"gr","it":[{"ind":0,"ty":"sh","ix":1,"ks":{"a":0,"k":{"i":[[0,145.25],[26.907,41.298],[0.629,1.101],[139.611,0.716],[0,0],[70.221,-122.967],[0.544,-1.084],[0,-52.966],[-145.174,-0.325],[0,0],[-0.1,0],[-0.1,0],[0,0]],"o":[[0,-52.966],[-0.544,-1.084],[-70.221,-122.967],[0,0],[-139.611,0.716],[-0.629,1.101],[-26.907,41.298],[0,145.25],[0,0],[0.1,0],[0.1,0],[0,0],[145.174,-0.325]],"v":[[-27.967,83.688],[-65.006,-51.031],[-74.355,-66.865],[-290.729,-439.821],[-291.329,-439.821],[-507.703,-66.865],[-517.052,-51.031],[-554.091,83.688],[-291.329,347.042],[-291.329,347.05],[-291.029,347.046],[-290.729,347.05],[-290.729,347.042]],"c":true},"ix":2},"nm":"Path 1","mn":"ADBE Vector Shape - Group","hd":false},{"ty":"st","c":{"a":0,"k":[0.686274528503,0.705882370472,0.168627455831,1],"ix":3},"o":{"a":0,"k":100,"ix":4},"w":{"a":0,"k":33.976,"ix":5},"lc":1,"lj":1,"ml":10,"bm":0,"nm":"Stroke 1","mn":"ADBE Vector Graphic - Stroke","hd":false},{"ty":"fl","c":{"a":0,"k":[1,0.964705884457,0.623529434204,1],"ix":4},"o":{"a":0,"k":100,"ix":5},"r":1,"bm":0,"nm":"Fill 1","mn":"ADBE Vector Graphic - Fill","hd":false},{"ty":"tr","p":{"a":0,"k":[-289.437,345.246],"ix":2},"a":{"a":0,"k":[-289.437,345.246],"ix":1},"s":{"a":1,"k":[{"i":{"x":[0.595,0.595],"y":[1,1]},"o":{"x":[0.256,0.256],"y":[0,0]},"t":13,"s":[100,100],"e":[100,98]},{"i":{"x":[0.833,0.833],"y":[1,1]},"o":{"x":[0.253,0.253],"y":[0,0]},"t":16,"s":[100,98],"e":[100,102]},{"i":{"x":[0.626,0.626],"y":[1,1]},"o":{"x":[0.287,0.287],"y":[0,0]},"t":19,"s":[100,102],"e":[100,100]},{"i":{"x":[0.843,0.843],"y":[1,1]},"o":{"x":[0.327,0.327],"y":[0,0]},"t":22,"s":[100,100],"e":[100,100]},{"i":{"x":[0.87,0.87],"y":[1,1]},"o":{"x":[0.13,0.13],"y":[0,0]},"t":43,"s":[100,100],"e":[100,91]},{"i":{"x":[0.87,0.87],"y":[1,1]},"o":{"x":[0.13,0.13],"y":[0,0]},"t":47,"s":[100,91],"e":[100,102]},{"i":{"x":[0.87,0.87],"y":[1,1]},"o":{"x":[0.13,0.13],"y":[0,0]},"t":50,"s":[100,102],"e":[100,100]},{"i":{"x":[0.833,0.833],"y":[1,1]},"o":{"x":[0.167,0.167],"y":[0,0]},"t":53,"s":[100,100],"e":[100,100]},{"i":{"x":[0.833,0.833],"y":[1,1]},"o":{"x":[0.167,0.167],"y":[0,0]},"t":87,"s":[100,100],"e":[100,96]},{"i":{"x":[0.833,0.833],"y":[1,1]},"o":{"x":[0.167,0.167],"y":[0,0]},"t":89,"s":[100,96],"e":[100,100]},{"t":91}],"ix":3},"r":{"a":0,"k":0,"ix":6},"o":{"a":0,"k":100,"ix":7},"sk":{"a":0,"k":0,"ix":4},"sa":{"a":0,"k":0,"ix":5},"nm":"Transform"}],"nm":"Group 2","np":3,"cix":2,"bm":0,"ix":2,"mn":"ADBE Vector Group","hd":false}],"ip":0,"op":150,"st":0,"bm":0},{"ddd":0,"ind":13,"ty":4,"nm":"eye squash","parent":16,"sr":1,"ks":{"o":{"a":0,"k":100,"ix":11},"r":{"a":0,"k":0,"ix":10},"p":{"a":0,"k":[109.254,-119.397,0],"ix":2},"a":{"a":0,"k":[-32,-307,0],"ix":1},"s":{"a":0,"k":[100,100,100],"ix":6}},"ao":0,"shapes":[{"ty":"gr","it":[{"ind":0,"ty":"sh","ix":1,"ks":{"a":0,"k":{"i":[[0,0],[0,0]],"o":[[0,0],[0,0]],"v":[[-32,-424],[-62,-46]],"c":false},"ix":2},"nm":"Path 1","mn":"ADBE Vector Shape - Group","hd":false},{"ty":"st","c":{"a":0,"k":[0.176470588235,0.176470588235,0.176470588235,1],"ix":3},"o":{"a":0,"k":100,"ix":4},"w":{"a":0,"k":35,"ix":5},"lc":2,"lj":1,"ml":4,"bm":0,"nm":"Stroke 1","mn":"ADBE Vector Graphic - Stroke","hd":false},{"ty":"fl","c":{"a":0,"k":[0.521568986481,0.360783984614,0.321568986481,1],"ix":4},"o":{"a":0,"k":100,"ix":5},"r":1,"bm":0,"nm":"Fill 1","mn":"ADBE Vector Graphic - Fill","hd":false},{"ty":"tr","p":{"a":0,"k":[158,0],"ix":2},"a":{"a":0,"k":[0,0],"ix":1},"s":{"a":0,"k":[100,100],"ix":3},"r":{"a":0,"k":0,"ix":6},"o":{"a":0,"k":100,"ix":7},"sk":{"a":0,"k":0,"ix":4},"sa":{"a":0,"k":0,"ix":5},"nm":"Transform"}],"nm":"Shape 4","np":3,"cix":2,"bm":0,"ix":1,"mn":"ADBE Vector Group","hd":false},{"ty":"gr","it":[{"ind":0,"ty":"sh","ix":1,"ks":{"a":0,"k":{"i":[[0,0],[0,0]],"o":[[0,0],[0,0]],"v":[[-28,-456],[-62,-46]],"c":false},"ix":2},"nm":"Path 1","mn":"ADBE Vector Shape - Group","hd":false},{"ty":"st","c":{"a":0,"k":[1,1,1,1],"ix":3},"o":{"a":0,"k":100,"ix":4},"w":{"a":0,"k":99,"ix":5},"lc":2,"lj":1,"ml":4,"bm":0,"nm":"Stroke 1","mn":"ADBE Vector Graphic - Stroke","hd":false},{"ty":"fl","c":{"a":0,"k":[0.521568986481,0.360783984614,0.321568986481,1],"ix":4},"o":{"a":0,"k":100,"ix":5},"r":1,"bm":0,"nm":"Fill 1","mn":"ADBE Vector Graphic - Fill","hd":false},{"ty":"tr","p":{"a":0,"k":[165,0],"ix":2},"a":{"a":0,"k":[0,0],"ix":1},"s":{"a":0,"k":[100,100],"ix":3},"r":{"a":0,"k":0,"ix":6},"o":{"a":0,"k":100,"ix":7},"sk":{"a":0,"k":0,"ix":4},"sa":{"a":0,"k":0,"ix":5},"nm":"Transform"}],"nm":"Shape 3","np":3,"cix":2,"bm":0,"ix":2,"mn":"ADBE Vector Group","hd":false},{"ty":"gr","it":[{"ind":0,"ty":"sh","ix":1,"ks":{"a":0,"k":{"i":[[0,0],[0,0]],"o":[[0,0],[0,0]],"v":[[-32,-424],[-62,-46]],"c":false},"ix":2},"nm":"Path 1","mn":"ADBE Vector Shape - Group","hd":false},{"ty":"st","c":{"a":0,"k":[0.176470588235,0.176470588235,0.176470588235,1],"ix":3},"o":{"a":0,"k":100,"ix":4},"w":{"a":0,"k":35,"ix":5},"lc":2,"lj":1,"ml":4,"bm":0,"nm":"Stroke 1","mn":"ADBE Vector Graphic - Stroke","hd":false},{"ty":"fl","c":{"a":0,"k":[0.521568986481,0.360783984614,0.321568986481,1],"ix":4},"o":{"a":0,"k":100,"ix":5},"r":1,"bm":0,"nm":"Fill 1","mn":"ADBE Vector Graphic - Fill","hd":false},{"ty":"tr","p":{"a":0,"k":[0,0],"ix":2},"a":{"a":0,"k":[0,0],"ix":1},"s":{"a":0,"k":[100,100],"ix":3},"r":{"a":0,"k":0,"ix":6},"o":{"a":0,"k":100,"ix":7},"sk":{"a":0,"k":0,"ix":4},"sa":{"a":0,"k":0,"ix":5},"nm":"Transform"}],"nm":"Shape 1","np":3,"cix":2,"bm":0,"ix":3,"mn":"ADBE Vector Group","hd":false},{"ty":"gr","it":[{"ind":0,"ty":"sh","ix":1,"ks":{"a":0,"k":{"i":[[0,0],[0,0]],"o":[[0,0],[0,0]],"v":[[-28,-456],[-62,-46]],"c":false},"ix":2},"nm":"Path 1","mn":"ADBE Vector Shape - Group","hd":false},{"ty":"st","c":{"a":0,"k":[1,1,1,1],"ix":3},"o":{"a":0,"k":100,"ix":4},"w":{"a":0,"k":99,"ix":5},"lc":2,"lj":1,"ml":4,"bm":0,"nm":"Stroke 1","mn":"ADBE Vector Graphic - Stroke","hd":false},{"ty":"fl","c":{"a":0,"k":[0.521568986481,0.360783984614,0.321568986481,1],"ix":4},"o":{"a":0,"k":100,"ix":5},"r":1,"bm":0,"nm":"Fill 1","mn":"ADBE Vector Graphic - Fill","hd":false},{"ty":"tr","p":{"a":0,"k":[0,0],"ix":2},"a":{"a":0,"k":[0,0],"ix":1},"s":{"a":0,"k":[100,100],"ix":3},"r":{"a":0,"k":0,"ix":6},"o":{"a":0,"k":100,"ix":7},"sk":{"a":0,"k":0,"ix":4},"sa":{"a":0,"k":0,"ix":5},"nm":"Transform"}],"nm":"Shape 2","np":3,"cix":2,"bm":0,"ix":4,"mn":"ADBE Vector Group","hd":false}],"ip":86,"op":87,"st":0,"bm":0},{"ddd":0,"ind":15,"ty":4,"nm":"squash frame","parent":16,"sr":1,"ks":{"o":{"a":0,"k":100,"ix":11},"r":{"a":0,"k":0,"ix":10},"p":{"a":0,"k":[-106.746,-152.397,0],"ix":2},"a":{"a":0,"k":[0,0,0],"ix":1},"s":{"a":0,"k":[100,100,100],"ix":6}},"ao":0,"shapes":[{"ty":"gr","it":[{"ind":0,"ty":"sh","ix":1,"ks":{"a":0,"k":{"i":[[0,0],[0,0],[0,0],[0,0]],"o":[[0,0],[0,0],[0,0],[0,0]],"v":[[348,96],[327,84],[277.965,120.524],[324,152]],"c":true},"ix":2},"nm":"Path 1","mn":"ADBE Vector Shape - Group","hd":false},{"ty":"st","c":{"a":0,"k":[0.521568627451,0.360784313725,0.321568627451,1],"ix":3},"o":{"a":0,"k":100,"ix":4},"w":{"a":0,"k":0,"ix":5},"lc":1,"lj":1,"ml":4,"bm":0,"nm":"Stroke 1","mn":"ADBE Vector Graphic - Stroke","hd":false},{"ty":"fl","c":{"a":0,"k":[0.521568627451,0.360784313725,0.321568627451,1],"ix":4},"o":{"a":0,"k":100,"ix":5},"r":1,"bm":0,"nm":"Fill 1","mn":"ADBE Vector Graphic - Fill","hd":false},{"ty":"tr","p":{"a":0,"k":[-15.469,5.035],"ix":2},"a":{"a":0,"k":[0,0],"ix":1},"s":{"a":0,"k":[100,100],"ix":3},"r":{"a":0,"k":0,"ix":6},"o":{"a":0,"k":100,"ix":7},"sk":{"a":0,"k":0,"ix":4},"sa":{"a":0,"k":0,"ix":5},"nm":"Transform"}],"nm":"Shape 2","np":3,"cix":2,"bm":0,"ix":1,"mn":"ADBE Vector Group","hd":false},{"ty":"gr","it":[{"ind":0,"ty":"sh","ix":1,"ks":{"a":0,"k":{"i":[[0,0],[0,0],[0,0],[0,0]],"o":[[0,0],[0,0],[0,0],[0,0]],"v":[[272,84],[251,72],[201.965,108.524],[248,140]],"c":true},"ix":2},"nm":"Path 1","mn":"ADBE Vector Shape - Group","hd":false},{"ty":"st","c":{"a":0,"k":[0.521568627451,0.360784313725,0.321568627451,1],"ix":3},"o":{"a":0,"k":100,"ix":4},"w":{"a":0,"k":0,"ix":5},"lc":1,"lj":1,"ml":4,"bm":0,"nm":"Stroke 1","mn":"ADBE Vector Graphic - Stroke","hd":false},{"ty":"fl","c":{"a":0,"k":[0.521568627451,0.360784313725,0.321568627451,1],"ix":4},"o":{"a":0,"k":100,"ix":5},"r":1,"bm":0,"nm":"Fill 1","mn":"ADBE Vector Graphic - Fill","hd":false},{"ty":"tr","p":{"a":0,"k":[0,0],"ix":2},"a":{"a":0,"k":[0,0],"ix":1},"s":{"a":0,"k":[100,100],"ix":3},"r":{"a":0,"k":0,"ix":6},"o":{"a":0,"k":100,"ix":7},"sk":{"a":0,"k":0,"ix":4},"sa":{"a":0,"k":0,"ix":5},"nm":"Transform"}],"nm":"Shape 1","np":3,"cix":2,"bm":0,"ix":2,"mn":"ADBE Vector Group","hd":false}],"ip":59,"op":60,"st":0,"bm":0},{"ddd":0,"ind":16,"ty":3,"nm":"NULL CONTROL","sr":1,"ks":{"o":{"a":0,"k":0,"ix":11},"r":{"a":0,"k":0,"ix":10},"p":{"a":0,"k":[1082.746,1208.397,0],"ix":2},"a":{"a":0,"k":[60,60,0],"ix":1},"s":{"a":0,"k":[100,100,100],"ix":6}},"ao":0,"ip":-2,"op":150,"st":0,"bm":0},{"ddd":0,"ind":17,"ty":4,"nm":"Pit Mouth","parent":19,"sr":1,"ks":{"o":{"a":0,"k":100,"ix":11},"r":{"a":0,"k":0,"ix":10},"p":{"a":1,"k":[{"i":{"x":0.65,"y":1},"o":{"x":0.35,"y":0},"t":9,"s":[281,319.75,0],"e":[287,319.75,0],"to":[1,0,0],"ti":[-1,0,0]},{"i":{"x":0.65,"y":0.65},"o":{"x":0.167,"y":0.167},"t":13,"s":[287,319.75,0],"e":[287,319.75,0],"to":[0,0,0],"ti":[0,0,0]},{"i":{"x":0.65,"y":1},"o":{"x":0.167,"y":0},"t":33,"s":[287,319.75,0],"e":[281,319.75,0],"to":[-1,0,0],"ti":[1,0,0]},{"i":{"x":0.65,"y":0.65},"o":{"x":0.35,"y":0.35},"t":35,"s":[281,319.75,0],"e":[281,319.75,0],"to":[0,0,0],"ti":[0,0,0]},{"i":{"x":0.65,"y":1},"o":{"x":0.35,"y":0},"t":43,"s":[281,319.75,0],"e":[289.257,318.742,0],"to":[1.376,-0.168,0],"ti":[-1.376,0.168,0]},{"i":{"x":0.65,"y":0.65},"o":{"x":0.167,"y":0.167},"t":45,"s":[289.257,318.742,0],"e":[289.257,318.742,0],"to":[0,0,0],"ti":[0,0,0]},{"i":{"x":0.65,"y":1},"o":{"x":0.167,"y":0},"t":86,"s":[289.257,318.742,0],"e":[281,319.75,0],"to":[-1.376,0.168,0],"ti":[1.376,-0.168,0]},{"t":87}],"ix":2},"a":{"a":0,"k":[281,177.75,0],"ix":1},"s":{"a":0,"k":[100,100,100],"ix":6}},"ao":0,"shapes":[{"ty":"gr","it":[{"ind":0,"ty":"sh","ix":1,"ks":{"a":0,"k":{"i":[[-24,-13],[-14,16]],"o":[[15,14],[17,-11]],"v":[[260,173],[309,173]],"c":false},"ix":2},"nm":"Path 1","mn":"ADBE Vector Shape - Group","hd":false},{"ty":"st","c":{"a":0,"k":[1,1,1,1],"ix":3},"o":{"a":0,"k":100,"ix":4},"w":{"a":0,"k":21,"ix":5},"lc":2,"lj":1,"ml":4,"bm":0,"nm":"Stroke 1","mn":"ADBE Vector Graphic - Stroke","hd":false},{"ty":"tr","p":{"a":0,"k":[0,0],"ix":2},"a":{"a":0,"k":[0,0],"ix":1},"s":{"a":0,"k":[100,100],"ix":3},"r":{"a":0,"k":0,"ix":6},"o":{"a":0,"k":100,"ix":7},"sk":{"a":0,"k":0,"ix":4},"sa":{"a":0,"k":0,"ix":5},"nm":"Transform"}],"nm":"Shape 1","np":3,"cix":2,"bm":0,"ix":1,"mn":"ADBE Vector Group","hd":false}],"ip":0,"op":150,"st":0,"bm":0},{"ddd":0,"ind":18,"ty":4,"nm":"Blink","parent":21,"sr":1,"ks":{"o":{"a":1,"k":[{"i":{"x":[0.833],"y":[0.833]},"o":{"x":[0.167],"y":[0.167]},"t":9,"s":[0],"e":[100]},{"i":{"x":[0.833],"y":[0.833]},"o":{"x":[0.167],"y":[0.167]},"t":10,"s":[100],"e":[100]},{"i":{"x":[0.833],"y":[0.833]},"o":{"x":[0.167],"y":[0.167]},"t":12,"s":[100],"e":[0]},{"i":{"x":[0.833],"y":[0.833]},"o":{"x":[0.167],"y":[0.167]},"t":13,"s":[0],"e":[0]},{"i":{"x":[0.833],"y":[0.833]},"o":{"x":[0.167],"y":[0.167]},"t":33,"s":[0],"e":[100]},{"i":{"x":[0.833],"y":[0.833]},"o":{"x":[0.167],"y":[0.167]},"t":34,"s":[100],"e":[100]},{"i":{"x":[0.833],"y":[0.833]},"o":{"x":[0.167],"y":[0.167]},"t":35,"s":[100],"e":[0]},{"i":{"x":[0.833],"y":[0.833]},"o":{"x":[0.167],"y":[0.167]},"t":36,"s":[0],"e":[0]},{"i":{"x":[0.833],"y":[0.833]},"o":{"x":[0.167],"y":[0.167]},"t":87,"s":[0],"e":[100]},{"i":{"x":[0.833],"y":[0.833]},"o":{"x":[0.167],"y":[0.167]},"t":88,"s":[100],"e":[100]},{"i":{"x":[0.833],"y":[0.833]},"o":{"x":[0.167],"y":[0.167]},"t":89,"s":[100],"e":[0]},{"t":90}],"ix":11},"r":{"a":0,"k":-1.394,"ix":10},"p":{"a":0,"k":[197.534,272.086,0],"ix":2},"a":{"a":0,"k":[306,-39.149,0],"ix":1},"s":{"a":0,"k":[100,100,100],"ix":6}},"ao":0,"shapes":[{"ty":"gr","it":[{"ind":0,"ty":"sh","ix":1,"ks":{"a":0,"k":{"i":[[-14.121,33.891],[-12,-24]],"o":[[10,-24],[20.591,41.182]],"v":[[274,-31],[327,-32]],"c":false},"ix":2},"nm":"Path 1","mn":"ADBE Vector Shape - Group","hd":false},{"ty":"st","c":{"a":0,"k":[0.733379289216,0.550570798388,0.512084781422,1],"ix":3},"o":{"a":0,"k":100,"ix":4},"w":{"a":0,"k":29,"ix":5},"lc":2,"lj":1,"ml":4,"bm":0,"nm":"Stroke 1","mn":"ADBE Vector Graphic - Stroke","hd":false},{"ty":"tr","p":{"a":0,"k":[170,0],"ix":2},"a":{"a":0,"k":[0,0],"ix":1},"s":{"a":0,"k":[100,100],"ix":3},"r":{"a":0,"k":0,"ix":6},"o":{"a":0,"k":100,"ix":7},"sk":{"a":0,"k":0,"ix":4},"sa":{"a":0,"k":0,"ix":5},"nm":"Transform"}],"nm":"Shape 2","np":3,"cix":2,"bm":0,"ix":1,"mn":"ADBE Vector Group","hd":false},{"ty":"gr","it":[{"ind":0,"ty":"sh","ix":1,"ks":{"a":0,"k":{"i":[[-14.121,33.891],[-12,-24]],"o":[[10,-24],[20.591,41.182]],"v":[[274,-31],[327,-32]],"c":false},"ix":2},"nm":"Path 1","mn":"ADBE Vector Shape - Group","hd":false},{"ty":"st","c":{"a":0,"k":[0.733379289216,0.550570798388,0.512084781422,1],"ix":3},"o":{"a":0,"k":100,"ix":4},"w":{"a":0,"k":29,"ix":5},"lc":2,"lj":1,"ml":4,"bm":0,"nm":"Stroke 1","mn":"ADBE Vector Graphic - Stroke","hd":false},{"ty":"tr","p":{"a":0,"k":[0,0],"ix":2},"a":{"a":0,"k":[0,0],"ix":1},"s":{"a":0,"k":[100,100],"ix":3},"r":{"a":0,"k":0,"ix":6},"o":{"a":0,"k":100,"ix":7},"sk":{"a":0,"k":0,"ix":4},"sa":{"a":0,"k":0,"ix":5},"nm":"Transform"}],"nm":"Shape 1","np":3,"cix":2,"bm":0,"ix":2,"mn":"ADBE Vector Group","hd":false}],"ip":8,"op":95,"st":0,"bm":0},{"ddd":0,"ind":19,"ty":4,"nm":"Pit Eyes","parent":21,"sr":1,"ks":{"o":{"a":1,"k":[{"i":{"x":[0.833],"y":[0.833]},"o":{"x":[0.167],"y":[0.167]},"t":9,"s":[100],"e":[0]},{"i":{"x":[0.833],"y":[0.833]},"o":{"x":[0.167],"y":[0.167]},"t":10,"s":[0],"e":[0]},{"i":{"x":[0.833],"y":[0.833]},"o":{"x":[0.167],"y":[0.167]},"t":12,"s":[0],"e":[100]},{"i":{"x":[0.833],"y":[0.833]},"o":{"x":[0.167],"y":[0.167]},"t":13,"s":[100],"e":[100]},{"i":{"x":[0.833],"y":[0.833]},"o":{"x":[0.167],"y":[0.167]},"t":33,"s":[100],"e":[0]},{"i":{"x":[0.833],"y":[0.833]},"o":{"x":[0.167],"y":[0.167]},"t":34,"s":[0],"e":[0]},{"i":{"x":[0.833],"y":[0.833]},"o":{"x":[0.167],"y":[0.167]},"t":35,"s":[0],"e":[100]},{"i":{"x":[0.833],"y":[0.833]},"o":{"x":[0.167],"y":[0.167]},"t":36,"s":[100],"e":[100]},{"i":{"x":[0.833],"y":[0.833]},"o":{"x":[0.167],"y":[0.167]},"t":87,"s":[100],"e":[0]},{"i":{"x":[0.833],"y":[0.833]},"o":{"x":[0.167],"y":[0.167]},"t":88,"s":[0],"e":[0]},{"i":{"x":[0.833],"y":[0.833]},"o":{"x":[0.167],"y":[0.167]},"t":89,"s":[0],"e":[100]},{"t":90}],"ix":11},"r":{"a":0,"k":0,"ix":10},"p":{"a":1,"k":[{"i":{"x":0.65,"y":1},"o":{"x":0.35,"y":0},"t":9,"s":[285.353,270.38,0],"e":[255.353,270.38,0],"to":[-4.947,7.721,0],"ti":[12.42,7.86,0]},{"i":{"x":0.65,"y":1},"o":{"x":0.35,"y":0},"t":13,"s":[255.353,270.38,0],"e":[260.353,270.38,0],"to":[-1.452,-0.919,0],"ti":[-3.292,-0.594,0]},{"i":{"x":0.65,"y":1},"o":{"x":0.167,"y":0},"t":16,"s":[260.353,270.38,0],"e":[260.353,270.38,0],"to":[0.183,0.189,0],"ti":[0,0,0]},{"i":{"x":0,"y":1},"o":{"x":0.167,"y":0},"t":33,"s":[260.353,270.38,0],"e":[285.353,293.38,0],"to":[4.167,3.833,0],"ti":[-25.218,-1.37,0]},{"i":{"x":0,"y":1},"o":{"x":0.167,"y":0},"t":38,"s":[285.353,293.38,0],"e":[285.353,293.38,0],"to":[0.015,-0.153,0],"ti":[0,0,0]},{"i":{"x":0.65,"y":1},"o":{"x":0.167,"y":0},"t":43,"s":[285.353,293.38,0],"e":[262.806,227.368,0],"to":[-3.758,-11.002,0],"ti":[3.758,11.002,0]},{"i":{"x":0.65,"y":0.65},"o":{"x":0.167,"y":0.167},"t":45,"s":[262.806,227.368,0],"e":[262.806,227.368,0],"to":[0,0,0],"ti":[0,0,0]},{"i":{"x":0.65,"y":1},"o":{"x":0.167,"y":0},"t":86,"s":[262.806,227.368,0],"e":[285.353,190.38,0],"to":[3.758,-6.165,0],"ti":[10.855,-7.729,0]},{"i":{"x":0.65,"y":1},"o":{"x":0.167,"y":0},"t":87,"s":[285.353,190.38,0],"e":[285.353,310.38,0],"to":[-4.947,7.721,0],"ti":[10.855,-7.729,0]},{"i":{"x":0.65,"y":1},"o":{"x":0.167,"y":0},"t":88,"s":[285.353,310.38,0],"e":[285.353,256.38,0],"to":[-4.947,7.721,0],"ti":[0,0,0]},{"i":{"x":0.65,"y":1},"o":{"x":0.167,"y":0},"t":91,"s":[285.353,256.38,0],"e":[285.353,270.38,0],"to":[0,0,0],"ti":[0,0,0]},{"t":95}],"ix":2},"a":{"a":0,"k":[285.353,270.38,0],"ix":1},"s":{"a":0,"k":[100,100,100],"ix":6}},"ao":0,"shapes":[{"ty":"gr","it":[{"ty":"gr","it":[{"ind":0,"ty":"sh","ix":1,"ks":{"a":0,"k":{"i":[[0,-9.894],[-9.894,0],[0,9.894],[9.894,0]],"o":[[0,9.894],[9.894,0],[0,-9.894],[-9.894,0]],"v":[[185.356,270.38],[203.27,288.294],[221.184,270.38],[203.27,252.466]],"c":true},"ix":2},"nm":"Path 1","mn":"ADBE Vector Shape - Group","hd":false},{"ty":"fl","c":{"a":0,"k":[0.176470592618,0.176470592618,0.176470592618,1],"ix":4},"o":{"a":0,"k":100,"ix":5},"r":1,"bm":0,"nm":"Fill 1","mn":"ADBE Vector Graphic - Fill","hd":false},{"ty":"tr","p":{"a":1,"k":[{"i":{"x":0.65,"y":1},"o":{"x":0.35,"y":0},"t":10,"s":[203.195,269.367],"e":[188.195,257.367],"to":[-2.5,-2],"ti":[2.5,2]},{"i":{"x":0.65,"y":0.65},"o":{"x":0.167,"y":0.167},"t":14,"s":[188.195,257.367],"e":[188.195,257.367],"to":[0,0],"ti":[0,0]},{"i":{"x":0.833,"y":1},"o":{"x":0.167,"y":0},"t":33,"s":[188.195,257.367],"e":[203.195,287.367],"to":[2.5,5],"ti":[-2.5,-5]},{"i":{"x":0.833,"y":0.833},"o":{"x":0.167,"y":0.167},"t":36,"s":[203.195,287.367],"e":[203.195,287.367],"to":[0,0],"ti":[0,0]},{"i":{"x":0.65,"y":1},"o":{"x":0.167,"y":0},"t":43,"s":[203.195,287.367],"e":[179.585,273.745],"to":[-3.935,-2.27],"ti":[4.221,3.573]},{"i":{"x":0.65,"y":1},"o":{"x":0.167,"y":0},"t":45,"s":[179.585,273.745],"e":[177.868,265.931],"to":[-4.221,-3.573],"ti":[0.286,1.302]},{"i":{"x":0.65,"y":0.65},"o":{"x":0.167,"y":0.167},"t":58,"s":[177.868,265.931],"e":[177.868,265.931],"to":[0,0],"ti":[0,0]},{"i":{"x":0.833,"y":1},"o":{"x":0.167,"y":0},"t":86,"s":[177.868,265.931],"e":[203.195,289.367],"to":[4.221,3.906],"ti":[-4.221,0.761]},{"i":{"x":0.833,"y":1},"o":{"x":0.35,"y":0},"t":89.272,"s":[203.195,289.367],"e":[203.195,261.367],"to":[4.221,-0.761],"ti":[0,3.333]},{"i":{"x":0.833,"y":1},"o":{"x":0.35,"y":0},"t":92.546,"s":[203.195,261.367],"e":[203.195,269.367],"to":[0,-3.333],"ti":[0,-1.333]},{"t":95}],"ix":2},"a":{"a":0,"k":[203.195,269.367],"ix":1},"s":{"a":0,"k":[100,100],"ix":3},"r":{"a":0,"k":0,"ix":6},"o":{"a":0,"k":100,"ix":7},"sk":{"a":0,"k":0,"ix":4},"sa":{"a":0,"k":0,"ix":5},"nm":"Transform"}],"nm":"Left Pupil","np":2,"cix":2,"bm":0,"ix":1,"mn":"ADBE Vector Group","hd":false},{"ty":"gr","it":[{"ind":0,"ty":"sh","ix":1,"ks":{"a":0,"k":{"i":[[0,-26.493],[-26.493,0],[0,26.493],[26.493,0]],"o":[[0,26.493],[26.493,0],[0,-26.493],[-26.493,0]],"v":[[144.062,270.38],[192.033,318.35],[240.003,270.38],[192.033,222.409]],"c":true},"ix":2},"nm":"Path 1","mn":"ADBE Vector Shape - Group","hd":false},{"ty":"fl","c":{"a":0,"k":[1,1,1,1],"ix":4},"o":{"a":0,"k":100,"ix":5},"r":1,"bm":0,"nm":"Fill 1","mn":"ADBE Vector Graphic - Fill","hd":false},{"ty":"tr","p":{"a":0,"k":[0,0],"ix":2},"a":{"a":0,"k":[0,0],"ix":1},"s":{"a":0,"k":[100,100],"ix":3},"r":{"a":0,"k":0,"ix":6},"o":{"a":0,"k":100,"ix":7},"sk":{"a":0,"k":0,"ix":4},"sa":{"a":0,"k":0,"ix":5},"nm":"Transform"}],"nm":"Group 2","np":2,"cix":2,"bm":0,"ix":2,"mn":"ADBE Vector Group","hd":false},{"ty":"gr","it":[{"ind":0,"ty":"sh","ix":1,"ks":{"a":0,"k":{"i":[[0,-31.235],[-31.235,0],[0,31.235],[31.235,0]],"o":[[0,31.235],[31.235,0],[0,-31.235],[-31.235,0]],"v":[[135.477,270.38],[192.033,326.935],[248.588,270.38],[192.033,213.825]],"c":true},"ix":2},"nm":"Path 1","mn":"ADBE Vector Shape - Group","hd":false},{"ty":"fl","c":{"a":0,"k":[0.733333333333,0.549019607843,0.513725490196,1],"ix":4},"o":{"a":0,"k":100,"ix":5},"r":1,"bm":0,"nm":"Fill 1","mn":"ADBE Vector Graphic - Fill","hd":false},{"ty":"tr","p":{"a":0,"k":[0,0],"ix":2},"a":{"a":0,"k":[0,0],"ix":1},"s":{"a":0,"k":[100,100],"ix":3},"r":{"a":0,"k":0,"ix":6},"o":{"a":0,"k":100,"ix":7},"sk":{"a":0,"k":0,"ix":4},"sa":{"a":0,"k":0,"ix":5},"nm":"Transform"}],"nm":"Group 3","np":2,"cix":2,"bm":0,"ix":3,"mn":"ADBE Vector Group","hd":false},{"ty":"tr","p":{"a":1,"k":[{"i":{"x":0.65,"y":1},"o":{"x":0.35,"y":0},"t":9,"s":[0,0],"e":[17,0],"to":[2.833,0],"ti":[-2.833,0]},{"i":{"x":0.65,"y":0.65},"o":{"x":0.167,"y":0.167},"t":13,"s":[17,0],"e":[17,0],"to":[0,0],"ti":[0,0]},{"i":{"x":0.65,"y":1},"o":{"x":0.167,"y":0},"t":32,"s":[17,0],"e":[0,0],"to":[-2.833,0],"ti":[2.833,0]},{"i":{"x":0.65,"y":0.65},"o":{"x":0.167,"y":0.167},"t":36,"s":[0,0],"e":[0,0],"to":[0,0],"ti":[0,0]},{"i":{"x":0.65,"y":1},"o":{"x":0.167,"y":0},"t":43,"s":[0,0],"e":[17,0],"to":[2.833,0],"ti":[-2.833,0]},{"i":{"x":0.65,"y":0.65},"o":{"x":0.167,"y":0.167},"t":45,"s":[17,0],"e":[17,0],"to":[0,0],"ti":[0,0]},{"i":{"x":0.65,"y":1},"o":{"x":0.167,"y":0},"t":86,"s":[17,0],"e":[0,0],"to":[-2.833,0],"ti":[2.833,0]},{"t":87}],"ix":2},"a":{"a":0,"k":[0,0],"ix":1},"s":{"a":0,"k":[100,100],"ix":3},"r":{"a":0,"k":0,"ix":6},"o":{"a":0,"k":100,"ix":7},"sk":{"a":0,"k":0,"ix":4},"sa":{"a":0,"k":0,"ix":5},"nm":"Transform"}],"nm":"Group 1","np":3,"cix":2,"bm":0,"ix":1,"mn":"ADBE Vector Group","hd":false},{"ty":"gr","it":[{"ty":"gr","it":[{"ind":0,"ty":"sh","ix":1,"ks":{"a":0,"k":{"i":[[0,-9.894],[9.894,0],[0,9.894],[-9.894,0]],"o":[[0,9.894],[-9.894,0],[0,-9.894],[9.894,0]],"v":[[385.351,270.38],[367.436,288.294],[349.522,270.38],[367.436,252.466]],"c":true},"ix":2},"nm":"Path 1","mn":"ADBE Vector Shape - Group","hd":false},{"ty":"fl","c":{"a":0,"k":[0.176470592618,0.176470592618,0.176470592618,1],"ix":4},"o":{"a":0,"k":100,"ix":5},"r":1,"bm":0,"nm":"Fill 1","mn":"ADBE Vector Graphic - Fill","hd":false},{"ty":"tr","p":{"a":1,"k":[{"i":{"x":0.65,"y":1},"o":{"x":0.35,"y":0},"t":10,"s":[368.742,268.734],"e":[366.742,257.734],"to":[-0.333,-1.833],"ti":[0.333,1.833]},{"i":{"x":0.65,"y":0.65},"o":{"x":0.167,"y":0.167},"t":14,"s":[366.742,257.734],"e":[366.742,257.734],"to":[0,0],"ti":[0,0]},{"i":{"x":0.833,"y":1},"o":{"x":0.167,"y":0},"t":33,"s":[366.742,257.734],"e":[368.742,290.734],"to":[0.333,5.5],"ti":[-0.333,-5.5]},{"i":{"x":0.833,"y":0.833},"o":{"x":0.167,"y":0.167},"t":38,"s":[368.742,290.734],"e":[368.742,290.734],"to":[0,0],"ti":[0,0]},{"i":{"x":0.65,"y":1},"o":{"x":0.167,"y":0},"t":43,"s":[368.742,290.734],"e":[362.481,275.153],"to":[-1.044,-2.597],"ti":[1.33,3.899]},{"i":{"x":0.65,"y":1},"o":{"x":0.167,"y":0},"t":45,"s":[362.481,275.153],"e":[360.764,267.34],"to":[-1.33,-3.899],"ti":[0.286,1.302]},{"i":{"x":0.65,"y":0.65},"o":{"x":0.167,"y":0.167},"t":58,"s":[360.764,267.34],"e":[360.764,267.34],"to":[0,0],"ti":[0,0]},{"i":{"x":0.833,"y":1},"o":{"x":0.167,"y":0},"t":86,"s":[360.764,267.34],"e":[368.742,288.734],"to":[1.33,3.566],"ti":[-1.33,1.101]},{"i":{"x":0.833,"y":1},"o":{"x":0.35,"y":0},"t":89.272,"s":[368.742,288.734],"e":[368.742,260.734],"to":[1.33,-1.101],"ti":[0,3.333]},{"i":{"x":0.833,"y":1},"o":{"x":0.35,"y":0},"t":92.546,"s":[368.742,260.734],"e":[368.742,268.734],"to":[0,-3.333],"ti":[0,-1.333]},{"t":95}],"ix":2},"a":{"a":0,"k":[366.742,269.734],"ix":1},"s":{"a":0,"k":[100,100],"ix":3},"r":{"a":0,"k":0,"ix":6},"o":{"a":0,"k":100,"ix":7},"sk":{"a":0,"k":0,"ix":4},"sa":{"a":0,"k":0,"ix":5},"nm":"Transform"}],"nm":"Right Pupil","np":2,"cix":2,"bm":0,"ix":1,"mn":"ADBE Vector Group","hd":false},{"ty":"gr","it":[{"ind":0,"ty":"sh","ix":1,"ks":{"a":0,"k":{"i":[[0,-26.493],[26.493,0],[0,26.493],[-26.493,0]],"o":[[0,26.493],[-26.493,0],[0,-26.493],[26.493,0]],"v":[[426.644,270.38],[378.674,318.35],[330.703,270.38],[378.674,222.409]],"c":true},"ix":2},"nm":"Path 1","mn":"ADBE Vector Shape - Group","hd":false},{"ty":"fl","c":{"a":0,"k":[1,1,1,1],"ix":4},"o":{"a":0,"k":100,"ix":5},"r":1,"bm":0,"nm":"Fill 1","mn":"ADBE Vector Graphic - Fill","hd":false},{"ty":"tr","p":{"a":0,"k":[0,0],"ix":2},"a":{"a":0,"k":[0,0],"ix":1},"s":{"a":0,"k":[100,100],"ix":3},"r":{"a":0,"k":0,"ix":6},"o":{"a":0,"k":100,"ix":7},"sk":{"a":0,"k":0,"ix":4},"sa":{"a":0,"k":0,"ix":5},"nm":"Transform"}],"nm":"Group 2","np":2,"cix":2,"bm":0,"ix":2,"mn":"ADBE Vector Group","hd":false},{"ty":"gr","it":[{"ind":0,"ty":"sh","ix":1,"ks":{"a":0,"k":{"i":[[0,-31.235],[31.235,0],[0,31.235],[-31.235,0]],"o":[[0,31.235],[-31.235,0],[0,-31.235],[31.235,0]],"v":[[435.229,270.38],[378.674,326.935],[322.119,270.38],[378.674,213.825]],"c":true},"ix":2},"nm":"Path 1","mn":"ADBE Vector Shape - Group","hd":false},{"ty":"fl","c":{"a":0,"k":[0.733333333333,0.549019607843,0.513725490196,1],"ix":4},"o":{"a":0,"k":100,"ix":5},"r":1,"bm":0,"nm":"Fill 1","mn":"ADBE Vector Graphic - Fill","hd":false},{"ty":"tr","p":{"a":0,"k":[0,0],"ix":2},"a":{"a":0,"k":[0,0],"ix":1},"s":{"a":0,"k":[100,100],"ix":3},"r":{"a":0,"k":0,"ix":6},"o":{"a":0,"k":100,"ix":7},"sk":{"a":0,"k":0,"ix":4},"sa":{"a":0,"k":0,"ix":5},"nm":"Transform"}],"nm":"Group 3","np":2,"cix":2,"bm":0,"ix":3,"mn":"ADBE Vector Group","hd":false},{"ty":"tr","p":{"a":0,"k":[0,0],"ix":2},"a":{"a":0,"k":[0,0],"ix":1},"s":{"a":0,"k":[100,100],"ix":3},"r":{"a":0,"k":0,"ix":6},"o":{"a":0,"k":100,"ix":7},"sk":{"a":0,"k":0,"ix":4},"sa":{"a":0,"k":0,"ix":5},"nm":"Transform"}],"nm":"Group 2","np":3,"cix":2,"bm":0,"ix":2,"mn":"ADBE Vector Group","hd":false}],"ip":0,"op":126,"st":0,"bm":0},{"ddd":0,"ind":21,"ty":4,"nm":"Pit Body","parent":16,"sr":1,"ks":{"o":{"a":0,"k":100,"ix":11},"r":{"a":1,"k":[{"i":{"x":[0.65],"y":[1]},"o":{"x":[0.35],"y":[0]},"t":5,"s":[0],"e":[4]},{"i":{"x":[0.65],"y":[1]},"o":{"x":[0.35],"y":[0]},"t":10,"s":[4],"e":[-6]},{"i":{"x":[0.65],"y":[1]},"o":{"x":[0.35],"y":[0]},"t":13,"s":[-6],"e":[-4]},{"i":{"x":[0.619],"y":[1]},"o":{"x":[0.169],"y":[0]},"t":17,"s":[-4],"e":[-4]},{"i":{"x":[0.68],"y":[1]},"o":{"x":[0.344],"y":[0]},"t":30,"s":[-4],"e":[-12]},{"i":{"x":[0.16],"y":[1]},"o":{"x":[0.167],"y":[0]},"t":34,"s":[-12],"e":[0]},{"i":{"x":[0.16],"y":[1]},"o":{"x":[0.352],"y":[0]},"t":44,"s":[0],"e":[23]},{"i":{"x":[0.833],"y":[0.833]},"o":{"x":[0.161],"y":[0]},"t":46,"s":[23],"e":[28.103]},{"i":{"x":[0.833],"y":[0.833]},"o":{"x":[0.167],"y":[0.167]},"t":58,"s":[28.103],"e":[9.103]},{"i":{"x":[0.833],"y":[0.833]},"o":{"x":[0.167],"y":[0.167]},"t":60,"s":[9.103],"e":[13.103]},{"i":{"x":[0.833],"y":[0.833]},"o":{"x":[0.167],"y":[0.167]},"t":63,"s":[13.103],"e":[14]},{"i":{"x":[0.833],"y":[0.833]},"o":{"x":[0.167],"y":[0.167]},"t":85,"s":[14],"e":[0]},{"i":{"x":[0.16],"y":[1]},"o":{"x":[0.167],"y":[0]},"t":87,"s":[0],"e":[0]},{"t":91}],"ix":10},"p":{"a":1,"k":[{"i":{"x":0.485,"y":1},"o":{"x":0.656,"y":0},"t":33,"s":[173.963,261.152,0],"e":[173.963,281.152,0],"to":[0,0,0],"ti":[0,0,0]},{"i":{"x":0.485,"y":0.485},"o":{"x":0.6,"y":0.6},"t":40,"s":[173.963,281.152,0],"e":[173.963,281.152,0],"to":[0,0,0],"ti":[0,0,0]},{"i":{"x":0.4,"y":1},"o":{"x":0.6,"y":0},"t":44,"s":[173.963,281.152,0],"e":[173.963,-6.848,0],"to":[0,0,0],"ti":[0,0,0]},{"i":{"x":0.833,"y":0.833},"o":{"x":0.18,"y":0},"t":46,"s":[173.963,-6.848,0],"e":[173.963,-60.605,0],"to":[0,0,0],"ti":[0,0,0]},{"i":{"x":0.833,"y":0.833},"o":{"x":0.167,"y":0.167},"t":58,"s":[173.963,-60.605,0],"e":[173.963,-60.605,0],"to":[0,0,0],"ti":[0,0,0]},{"i":{"x":0.833,"y":0.833},"o":{"x":0.167,"y":0.167},"t":60,"s":[173.963,-60.605,0],"e":[173.963,-68.605,0],"to":[0,0,0],"ti":[0,0,0]},{"i":{"x":0.833,"y":0.833},"o":{"x":0.167,"y":0.167},"t":85,"s":[173.963,-68.605,0],"e":[173.963,281.152,0],"to":[0,0,0],"ti":[0,0,0]},{"i":{"x":0.16,"y":1},"o":{"x":0.167,"y":0.167},"t":87,"s":[173.963,281.152,0],"e":[173.963,261.152,0],"to":[0,0,0],"ti":[0,0,0]},{"t":91}],"ix":2},"a":{"a":0,"k":[280.71,413.549,0],"ix":1},"s":{"a":0,"k":[100,100,100],"ix":6}},"ao":0,"shapes":[{"ty":"gr","it":[{"ind":0,"ty":"sh","ix":1,"ks":{"a":0,"k":{"i":[[-18.675,-48.387],[23.081,-48.12],[43.824,0],[18.28,38.111],[-19.217,49.79],[-60.343,0]],"o":[[19.217,49.79],[-18.28,38.111],[-43.824,0],[-23.081,-48.12],[18.675,-48.387],[60.343,0]],"v":[[394.935,186.42],[389.674,339.985],[280.71,413.549],[171.745,339.985],[166.485,186.42],[280.71,78.677]],"c":true},"ix":2},"nm":"Path 1","mn":"ADBE Vector Shape - Group","hd":false},{"ty":"gf","o":{"a":0,"k":100,"ix":10},"r":1,"bm":0,"g":{"p":3,"k":{"a":0,"k":[0,0.783,0.539,0.48,0.5,0.652,0.45,0.401,1,0.522,0.361,0.322],"ix":9}},"s":{"a":0,"k":[629.327,235.408],"ix":5},"e":{"a":0,"k":[258.792,280.237],"ix":6},"t":1,"nm":"Gradient Fill 1","mn":"ADBE Vector Graphic - G-Fill","hd":false},{"ty":"fl","c":{"a":0,"k":[0.521568627451,0.360784313725,0.321568627451,1],"ix":4},"o":{"a":0,"k":100,"ix":5},"r":1,"bm":0,"nm":"Fill 1","mn":"ADBE Vector Graphic - Fill","hd":false},{"ty":"tr","p":{"a":0,"k":[281.176,416.931],"ix":2},"a":{"a":0,"k":[281.176,416.931],"ix":1},"s":{"a":1,"k":[{"i":{"x":[0.833,0.833],"y":[0.833,0.833]},"o":{"x":[0.167,0.167],"y":[0.167,0.167]},"t":36,"s":[100,100],"e":[100,87]},{"i":{"x":[0.833,0.833],"y":[0.833,0.833]},"o":{"x":[0.167,0.167],"y":[0.167,0.167]},"t":43,"s":[100,87],"e":[100,105]},{"i":{"x":[0.833,0.833],"y":[0.833,0.833]},"o":{"x":[0.167,0.167],"y":[0.167,0.167]},"t":45,"s":[100,105],"e":[100,100]},{"i":{"x":[0.833,0.833],"y":[0.833,0.833]},"o":{"x":[0.167,0.167],"y":[0.167,0.167]},"t":46,"s":[100,100],"e":[100,100]},{"i":{"x":[0.833,0.833],"y":[0.833,0.833]},"o":{"x":[0.167,0.167],"y":[0.167,0.167]},"t":85,"s":[100,100],"e":[100,140]},{"i":{"x":[0.833,0.833],"y":[0.833,0.833]},"o":{"x":[0.167,0.167],"y":[0.167,0.167]},"t":86,"s":[100,140],"e":[100,140]},{"i":{"x":[0.76,0.76],"y":[1,1]},"o":{"x":[0.167,0.167],"y":[0,0.167]},"t":87,"s":[100,140],"e":[100,87]},{"i":{"x":[0.76,0.76],"y":[1,1]},"o":{"x":[0.24,0.24],"y":[0,0]},"t":88.667,"s":[100,87],"e":[100,101]},{"i":{"x":[0.833,0.833],"y":[1,1]},"o":{"x":[0.167,0.167],"y":[0,0]},"t":91,"s":[100,101],"e":[100,100]},{"t":93}],"ix":3},"r":{"a":0,"k":0,"ix":6},"o":{"a":0,"k":100,"ix":7},"sk":{"a":0,"k":0,"ix":4},"sa":{"a":0,"k":0,"ix":5},"nm":"Transform"}],"nm":"Group 1","np":3,"cix":2,"bm":0,"ix":1,"mn":"ADBE Vector Group","hd":false}],"ip":0,"op":150,"st":0,"bm":0},{"ddd":0,"ind":22,"ty":4,"nm":"left arm","parent":21,"sr":1,"ks":{"o":{"a":0,"k":100,"ix":11},"r":{"a":1,"k":[{"i":{"x":[0.833],"y":[0.833]},"o":{"x":[0.167],"y":[0.167]},"t":12,"s":[-78.103],"e":[-65.103]},{"i":{"x":[0.833],"y":[0.833]},"o":{"x":[0.167],"y":[0.167]},"t":15,"s":[-65.103],"e":[-78.103]},{"i":{"x":[0.833],"y":[0.833]},"o":{"x":[0.167],"y":[0.167]},"t":19,"s":[-78.103],"e":[-78.103]},{"i":{"x":[0.833],"y":[0.833]},"o":{"x":[0.167],"y":[0.167]},"t":42,"s":[-78.103],"e":[-28.103]},{"i":{"x":[0.833],"y":[0.833]},"o":{"x":[0.167],"y":[0.167]},"t":46,"s":[-28.103],"e":[-28.103]},{"i":{"x":[0.833],"y":[0.833]},"o":{"x":[0.167],"y":[0.167]},"t":85,"s":[-28.103],"e":[41.897]},{"i":{"x":[0.833],"y":[0.833]},"o":{"x":[0.167],"y":[0.167]},"t":86,"s":[41.897],"e":[41.897]},{"i":{"x":[0.76],"y":[1]},"o":{"x":[0.167],"y":[0.167]},"t":87,"s":[41.897],"e":[-92.103]},{"i":{"x":[0.76],"y":[1]},"o":{"x":[0.24],"y":[0]},"t":88,"s":[-92.103],"e":[-59.103]},{"i":{"x":[0.76],"y":[1]},"o":{"x":[0.24],"y":[0]},"t":92,"s":[-59.103],"e":[-78.103]},{"t":96}],"ix":10},"p":{"a":0,"k":[196.631,366.802,0],"ix":2},"a":{"a":0,"k":[291.441,143.447,0],"ix":1},"s":{"a":0,"k":[100,100,100],"ix":6}},"ao":0,"shapes":[{"ty":"gr","it":[{"ind":0,"ty":"sh","ix":1,"ks":{"a":1,"k":[{"i":{"x":0.833,"y":0.833},"o":{"x":0.167,"y":0.167},"t":44,"s":[{"i":[[0,0],[0,0],[0,0]],"o":[[0,0],[0,0],[0,0]],"v":[[242.843,155.431],[243.136,156.231],[293.349,145.082]],"c":false}],"e":[{"i":[[0,0],[0.804,-3.121],[-21.03,25.951]],"o":[[-1.97,3.443],[-6.376,24.737],[6.503,16.663]],"v":[[255.139,123.522],[251.019,133.395],[293.349,145.082]],"c":false}]},{"i":{"x":0.833,"y":0.833},"o":{"x":0.167,"y":0.167},"t":46,"s":[{"i":[[0,0],[0.804,-3.121],[-21.03,25.951]],"o":[[-1.97,3.443],[-6.376,24.737],[6.503,16.663]],"v":[[255.139,123.522],[251.019,133.395],[293.349,145.082]],"c":false}],"e":[{"i":[[0,0],[0.804,-3.121],[-21.03,25.951]],"o":[[-1.97,3.443],[-6.376,24.737],[6.503,16.663]],"v":[[255.139,123.522],[251.019,133.395],[293.349,145.082]],"c":false}]},{"i":{"x":0.833,"y":0.833},"o":{"x":0.167,"y":0.167},"t":59,"s":[{"i":[[0,0],[0.804,-3.121],[-21.03,25.951]],"o":[[-1.97,3.443],[-6.376,24.737],[6.503,16.663]],"v":[[255.139,123.522],[251.019,133.395],[293.349,145.082]],"c":false}],"e":[{"i":[[0,0],[0,0],[0,0]],"o":[[0,0],[0,0],[0,0]],"v":[[222.981,36.667],[215.186,52.667],[293.349,145.082]],"c":false}]},{"i":{"x":0.833,"y":0.833},"o":{"x":0.167,"y":0.167},"t":60,"s":[{"i":[[0,0],[0,0],[0,0]],"o":[[0,0],[0,0],[0,0]],"v":[[222.981,36.667],[215.186,52.667],[293.349,145.082]],"c":false}],"e":[{"i":[[0,0],[0,0],[0,0]],"o":[[0,0],[0,0],[0,0]],"v":[[222.981,36.667],[215.186,52.667],[293.349,145.082]],"c":false}]},{"i":{"x":0.833,"y":0.833},"o":{"x":0.167,"y":0.167},"t":85,"s":[{"i":[[0,0],[0,0],[0,0]],"o":[[0,0],[0,0],[0,0]],"v":[[222.981,36.667],[215.186,52.667],[293.349,145.082]],"c":false}],"e":[{"i":[[0,0],[0,0],[0,0]],"o":[[0,0],[0,0],[0,0]],"v":[[125.192,113.834],[125.485,114.634],[280.908,128.92]],"c":false}]},{"i":{"x":0.833,"y":0.833},"o":{"x":0.167,"y":0.167},"t":86,"s":[{"i":[[0,0],[0,0],[0,0]],"o":[[0,0],[0,0],[0,0]],"v":[[125.192,113.834],[125.485,114.634],[280.908,128.92]],"c":false}],"e":[{"i":[[0,0],[0,0],[0,0]],"o":[[0,0],[0,0],[0,0]],"v":[[125.192,113.834],[125.485,114.634],[280.908,128.92]],"c":false}]},{"i":{"x":0.833,"y":0.833},"o":{"x":0.167,"y":0.167},"t":87,"s":[{"i":[[0,0],[0,0],[0,0]],"o":[[0,0],[0,0],[0,0]],"v":[[125.192,113.834],[125.485,114.634],[280.908,128.92]],"c":false}],"e":[{"i":[[0,0],[0,0],[0,0]],"o":[[0,0],[0,0],[0,0]],"v":[[242.843,155.431],[243.136,156.231],[293.349,145.082]],"c":false}]},{"t":88}],"ix":2},"nm":"Path 1","mn":"ADBE Vector Shape - Group","hd":false},{"ty":"st","c":{"a":0,"k":[0.521568627451,0.360784313725,0.321568627451,1],"ix":3},"o":{"a":0,"k":100,"ix":4},"w":{"a":0,"k":10,"ix":5},"lc":2,"lj":2,"bm":0,"nm":"Stroke 1","mn":"ADBE Vector Graphic - Stroke","hd":false},{"ty":"tr","p":{"a":0,"k":[0,0],"ix":2},"a":{"a":0,"k":[0,0],"ix":1},"s":{"a":0,"k":[100,100],"ix":3},"r":{"a":0,"k":0,"ix":6},"o":{"a":0,"k":100,"ix":7},"sk":{"a":0,"k":0,"ix":4},"sa":{"a":0,"k":0,"ix":5},"nm":"Transform"}],"nm":"Shape 1","np":3,"cix":2,"bm":0,"ix":1,"mn":"ADBE Vector Group","hd":false}],"ip":0,"op":150,"st":0,"bm":0},{"ddd":0,"ind":23,"ty":4,"nm":"right arm","parent":21,"sr":1,"ks":{"o":{"a":0,"k":100,"ix":11},"r":{"a":1,"k":[{"i":{"x":[0.833],"y":[0.833]},"o":{"x":[0.167],"y":[0.167]},"t":13,"s":[18.897],"e":[30.897]},{"i":{"x":[0.833],"y":[0.833]},"o":{"x":[0.167],"y":[0.167]},"t":16,"s":[30.897],"e":[18.897]},{"i":{"x":[0.833],"y":[0.833]},"o":{"x":[0.167],"y":[0.167]},"t":20,"s":[18.897],"e":[18.897]},{"i":{"x":[0.833],"y":[0.833]},"o":{"x":[0.167],"y":[0.167]},"t":36,"s":[18.897],"e":[14.897]},{"i":{"x":[0.833],"y":[0.833]},"o":{"x":[0.167],"y":[0.167]},"t":40,"s":[14.897],"e":[14.897]},{"i":{"x":[0.833],"y":[0.833]},"o":{"x":[0.167],"y":[0.167]},"t":45,"s":[14.897],"e":[-17.103]},{"i":{"x":[0.833],"y":[0.833]},"o":{"x":[0.167],"y":[0.167]},"t":59,"s":[-17.103],"e":[-33.103]},{"i":{"x":[0.833],"y":[0.833]},"o":{"x":[0.167],"y":[0.167]},"t":61,"s":[-33.103],"e":[-17.103]},{"i":{"x":[0.833],"y":[0.833]},"o":{"x":[0.167],"y":[0.167]},"t":65,"s":[-17.103],"e":[-17.103]},{"i":{"x":[0.833],"y":[0.833]},"o":{"x":[0.167],"y":[0.167]},"t":85,"s":[-17.103],"e":[-108.103]},{"i":{"x":[0.833],"y":[0.833]},"o":{"x":[0.167],"y":[0.167]},"t":86,"s":[-108.103],"e":[-108.103]},{"i":{"x":[0.76],"y":[1]},"o":{"x":[0.167],"y":[0.167]},"t":87,"s":[-108.103],"e":[32.897]},{"i":{"x":[0.76],"y":[1]},"o":{"x":[0.24],"y":[0]},"t":88,"s":[32.897],"e":[6.897]},{"i":{"x":[0.833],"y":[0.833]},"o":{"x":[0.24],"y":[0]},"t":91,"s":[6.897],"e":[18.897]},{"t":96}],"ix":10},"p":{"a":0,"k":[373.698,345.377,0],"ix":2},"a":{"a":0,"k":[177.581,101.917,0],"ix":1},"s":{"a":0,"k":[100,100,100],"ix":6}},"ao":0,"shapes":[{"ty":"gr","it":[{"ind":0,"ty":"sh","ix":1,"ks":{"a":1,"k":[{"i":{"x":0.833,"y":0.833},"o":{"x":0.167,"y":0.167},"t":44,"s":[{"i":[[0,0],[0,0]],"o":[[0,0],[0,0]],"v":[[197.816,169.362],[178.013,109.516]],"c":false}],"e":[{"i":[[0,0],[37.518,-2.708]],"o":[[34.451,-8.193],[7.709,-16.14]],"v":[[187.984,144.539],[177.581,101.917]],"c":false}]},{"i":{"x":0.833,"y":0.833},"o":{"x":0.167,"y":0.167},"t":46,"s":[{"i":[[0,0],[37.518,-2.708]],"o":[[34.451,-8.193],[7.709,-16.14]],"v":[[187.984,144.539],[177.581,101.917]],"c":false}],"e":[{"i":[[0,0],[37.518,-2.708]],"o":[[34.451,-8.193],[7.709,-16.14]],"v":[[187.984,144.539],[177.581,101.917]],"c":false}]},{"i":{"x":0.833,"y":0.833},"o":{"x":0.167,"y":0.167},"t":85,"s":[{"i":[[0,0],[37.518,-2.708]],"o":[[34.451,-8.193],[7.709,-16.14]],"v":[[187.984,144.539],[177.581,101.917]],"c":false}],"e":[{"i":[[0,0],[0,0]],"o":[[0,0],[0,0]],"v":[[270.542,214.206],[193.292,104.362]],"c":false}]},{"i":{"x":0.833,"y":0.833},"o":{"x":0.167,"y":0.167},"t":86,"s":[{"i":[[0,0],[0,0]],"o":[[0,0],[0,0]],"v":[[270.542,214.206],[193.292,104.362]],"c":false}],"e":[{"i":[[0,0],[0,0]],"o":[[0,0],[0,0]],"v":[[270.542,214.206],[193.292,104.362]],"c":false}]},{"i":{"x":0.833,"y":0.833},"o":{"x":0.167,"y":0.167},"t":87,"s":[{"i":[[0,0],[0,0]],"o":[[0,0],[0,0]],"v":[[270.542,214.206],[193.292,104.362]],"c":false}],"e":[{"i":[[0,0],[0,0]],"o":[[0,0],[0,0]],"v":[[197.816,169.362],[178.013,109.516]],"c":false}]},{"t":88}],"ix":2},"nm":"Path 1","mn":"ADBE Vector Shape - Group","hd":false},{"ty":"st","c":{"a":0,"k":[0.521568627451,0.360784313725,0.321568627451,1],"ix":3},"o":{"a":0,"k":100,"ix":4},"w":{"a":0,"k":10,"ix":5},"lc":2,"lj":2,"bm":0,"nm":"Stroke 1","mn":"ADBE Vector Graphic - Stroke","hd":false},{"ty":"tr","p":{"a":0,"k":[0,0],"ix":2},"a":{"a":0,"k":[0,0],"ix":1},"s":{"a":0,"k":[100,100],"ix":3},"r":{"a":0,"k":0,"ix":6},"o":{"a":0,"k":100,"ix":7},"sk":{"a":0,"k":0,"ix":4},"sa":{"a":0,"k":0,"ix":5},"nm":"Transform"}],"nm":"Shape 1","np":3,"cix":2,"bm":0,"ix":1,"mn":"ADBE Vector Group","hd":false}],"ip":0,"op":150,"st":0,"bm":0},{"ddd":0,"ind":24,"ty":4,"nm":"left leg 6","parent":16,"sr":1,"ks":{"o":{"a":0,"k":100,"ix":11},"r":{"a":0,"k":-28,"ix":10},"p":{"a":0,"k":[226.746,235.008,0],"ix":2},"a":{"a":0,"k":[303.465,139.728,0],"ix":1},"s":{"a":0,"k":[100,100,100],"ix":6}},"ao":0,"shapes":[{"ty":"gr","it":[{"ind":0,"ty":"sh","ix":1,"ks":{"a":1,"k":[{"i":{"x":0.833,"y":0.833},"o":{"x":0.167,"y":0.167},"t":87,"s":[{"i":[[0,0],[0,0],[-40.166,29.32]],"o":[[0,0],[0,0],[31.379,-5.124]],"v":[[246.425,182.217],[259.684,189.435],[290.999,129.533]],"c":false}],"e":[{"i":[[0,0],[0,0],[0,0]],"o":[[0,0],[0,0],[0,0]],"v":[[246.425,182.217],[259.684,189.435],[290.999,129.533]],"c":false}]},{"t":89}],"ix":2},"nm":"Path 1","mn":"ADBE Vector Shape - Group","hd":false},{"ty":"st","c":{"a":0,"k":[0.521568627451,0.360784313725,0.321568627451,1],"ix":3},"o":{"a":0,"k":100,"ix":4},"w":{"a":0,"k":10,"ix":5},"lc":2,"lj":2,"bm":0,"nm":"Stroke 1","mn":"ADBE Vector Graphic - Stroke","hd":false},{"ty":"tr","p":{"a":0,"k":[0,0],"ix":2},"a":{"a":0,"k":[0,0],"ix":1},"s":{"a":0,"k":[100,100],"ix":3},"r":{"a":0,"k":0,"ix":6},"o":{"a":0,"k":100,"ix":7},"sk":{"a":0,"k":0,"ix":4},"sa":{"a":0,"k":0,"ix":5},"nm":"Transform"}],"nm":"Shape 1","np":3,"cix":2,"bm":0,"ix":1,"mn":"ADBE Vector Group","hd":false},{"ty":"gr","it":[{"ind":0,"ty":"sh","ix":1,"ks":{"a":0,"k":{"i":[[0,0],[0,0],[0,0]],"o":[[0,0],[0,0],[0,0]],"v":[[246.425,182.217],[259.684,189.435],[290.999,129.533]],"c":false},"ix":2},"nm":"Path 1","mn":"ADBE Vector Shape - Group","hd":false},{"ty":"tr","p":{"a":0,"k":[0,0],"ix":2},"a":{"a":0,"k":[0,0],"ix":1},"s":{"a":0,"k":[100,100],"ix":3},"r":{"a":0,"k":0,"ix":6},"o":{"a":0,"k":100,"ix":7},"sk":{"a":0,"k":0,"ix":4},"sa":{"a":0,"k":0,"ix":5},"nm":"Transform"}],"nm":"Group 1","np":1,"cix":2,"bm":0,"ix":2,"mn":"ADBE Vector Group","hd":false}],"ip":87,"op":150,"st":0,"bm":0},{"ddd":0,"ind":25,"ty":4,"nm":"left leg 5","parent":16,"sr":1,"ks":{"o":{"a":0,"k":100,"ix":11},"r":{"a":0,"k":-32,"ix":10},"p":{"a":0,"k":[152.029,252.722,0],"ix":2},"a":{"a":0,"k":[284.274,147.26,0],"ix":1},"s":{"a":0,"k":[100,100,100],"ix":6}},"ao":0,"shapes":[{"ty":"gr","it":[{"ind":0,"ty":"sh","ix":1,"ks":{"a":1,"k":[{"i":{"x":0.833,"y":0.833},"o":{"x":0.167,"y":0.167},"t":87,"s":[{"i":[[0,0],[0,0],[-43.57,29.938]],"o":[[0,0],[0,0],[32.107,-38.332]],"v":[[243.193,177.657],[257.098,185.787],[290.999,129.533]],"c":false}],"e":[{"i":[[0,0],[0,0],[0,0]],"o":[[0,0],[0,0],[0,0]],"v":[[243.193,177.657],[257.098,185.787],[290.999,129.533]],"c":false}]},{"t":89}],"ix":2},"nm":"Path 1","mn":"ADBE Vector Shape - Group","hd":false},{"ty":"st","c":{"a":0,"k":[0.521568627451,0.360784313725,0.321568627451,1],"ix":3},"o":{"a":0,"k":100,"ix":4},"w":{"a":0,"k":10,"ix":5},"lc":2,"lj":2,"bm":0,"nm":"Stroke 1","mn":"ADBE Vector Graphic - Stroke","hd":false},{"ty":"tr","p":{"a":0,"k":[0,0],"ix":2},"a":{"a":0,"k":[0,0],"ix":1},"s":{"a":0,"k":[100,100],"ix":3},"r":{"a":0,"k":0,"ix":6},"o":{"a":0,"k":100,"ix":7},"sk":{"a":0,"k":0,"ix":4},"sa":{"a":0,"k":0,"ix":5},"nm":"Transform"}],"nm":"Shape 1","np":3,"cix":2,"bm":0,"ix":1,"mn":"ADBE Vector Group","hd":false},{"ty":"gr","it":[{"ind":0,"ty":"sh","ix":1,"ks":{"a":0,"k":{"i":[[0,0],[0,0],[0,0]],"o":[[0,0],[0,0],[0,0]],"v":[[246.425,182.217],[259.684,189.435],[290.999,129.533]],"c":false},"ix":2},"nm":"Path 1","mn":"ADBE Vector Shape - Group","hd":false},{"ty":"tr","p":{"a":0,"k":[0,0],"ix":2},"a":{"a":0,"k":[0,0],"ix":1},"s":{"a":0,"k":[100,100],"ix":3},"r":{"a":0,"k":0,"ix":6},"o":{"a":0,"k":100,"ix":7},"sk":{"a":0,"k":0,"ix":4},"sa":{"a":0,"k":0,"ix":5},"nm":"Transform"}],"nm":"Group 1","np":1,"cix":2,"bm":0,"ix":2,"mn":"ADBE Vector Group","hd":false}],"ip":87,"op":150,"st":0,"bm":0},{"ddd":0,"ind":26,"ty":4,"nm":"left leg 4","parent":21,"sr":1,"ks":{"o":{"a":0,"k":100,"ix":11},"r":{"a":1,"k":[{"i":{"x":[0.833],"y":[0.833]},"o":{"x":[0.167],"y":[0.167]},"t":59,"s":[-28.103],"e":[-22.103]},{"i":{"x":[0.833],"y":[0.833]},"o":{"x":[0.167],"y":[0.167]},"t":62,"s":[-22.103],"e":[-28.103]},{"i":{"x":[0.833],"y":[0.833]},"o":{"x":[0.167],"y":[0.167]},"t":66,"s":[-28.103],"e":[-28.103]},{"i":{"x":[0.833],"y":[0.833]},"o":{"x":[0.167],"y":[0.167]},"t":85,"s":[-28.103],"e":[-28.103]},{"i":{"x":[0.833],"y":[0.833]},"o":{"x":[0.167],"y":[0.167]},"t":86,"s":[-28.103],"e":[-32]},{"i":{"x":[0.833],"y":[0.833]},"o":{"x":[0.167],"y":[0.167]},"t":87,"s":[-32],"e":[-28]},{"t":91}],"ix":10},"p":{"a":0,"k":[333.492,387.405,0],"ix":2},"a":{"a":0,"k":[303.465,139.728,0],"ix":1},"s":{"a":0,"k":[100,100,100],"ix":6}},"ao":0,"shapes":[{"ty":"gr","it":[{"ind":0,"ty":"sh","ix":1,"ks":{"a":1,"k":[{"i":{"x":0.833,"y":0.833},"o":{"x":0.167,"y":0.167},"t":46,"s":[{"i":[[0,0],[-4,3],[-27.029,7.863]],"o":[[0,0],[-21.205,-18.089],[10,-22]],"v":[[256.631,213.333],[268.631,195.333],[282.169,138.069]],"c":false}],"e":[{"i":[[0,0],[-4,3],[-33,-5]],"o":[[0,0],[-40,-13],[10,-22]],"v":[[263,202],[275,184],[290.871,137.485]],"c":false}]},{"i":{"x":0.833,"y":0.833},"o":{"x":0.167,"y":0.167},"t":59,"s":[{"i":[[0,0],[-4,3],[-33,-5]],"o":[[0,0],[-40,-13],[10,-22]],"v":[[263,202],[275,184],[290.871,137.485]],"c":false}],"e":[{"i":[[0,0],[0,0],[0,0]],"o":[[0,0],[0,0],[0,0]],"v":[[224.864,140.747],[218.331,158.142],[302.633,137.495]],"c":false}]},{"i":{"x":0.833,"y":0.833},"o":{"x":0.167,"y":0.167},"t":61,"s":[{"i":[[0,0],[0,0],[0,0]],"o":[[0,0],[0,0],[0,0]],"v":[[224.864,140.747],[218.331,158.142],[302.633,137.495]],"c":false}],"e":[{"i":[[0,0],[0,0],[0,0]],"o":[[0,0],[0,0],[0,0]],"v":[[224.864,140.747],[218.331,158.142],[302.633,137.495]],"c":false}]},{"i":{"x":0.833,"y":0.833},"o":{"x":0.167,"y":0.167},"t":85,"s":[{"i":[[0,0],[0,0],[0,0]],"o":[[0,0],[0,0],[0,0]],"v":[[224.864,140.747],[218.331,158.142],[302.633,137.495]],"c":false}],"e":[{"i":[[0,0],[0,0],[0,0]],"o":[[0,0],[0,0],[0,0]],"v":[[246.425,182.217],[259.684,189.435],[290.999,129.533]],"c":false}]},{"i":{"x":0.833,"y":0.833},"o":{"x":0.167,"y":0.167},"t":86,"s":[{"i":[[0,0],[0,0],[0,0]],"o":[[0,0],[0,0],[0,0]],"v":[[246.425,182.217],[259.684,189.435],[290.999,129.533]],"c":false}],"e":[{"i":[[0,0],[0,0],[0,0]],"o":[[0,0],[0,0],[0,0]],"v":[[246.425,182.217],[259.684,189.435],[290.999,129.533]],"c":false}]},{"t":87}],"ix":2},"nm":"Path 1","mn":"ADBE Vector Shape - Group","hd":false},{"ty":"st","c":{"a":0,"k":[0.521568627451,0.360784313725,0.321568627451,1],"ix":3},"o":{"a":0,"k":100,"ix":4},"w":{"a":0,"k":10,"ix":5},"lc":2,"lj":2,"bm":0,"nm":"Stroke 1","mn":"ADBE Vector Graphic - Stroke","hd":false},{"ty":"tr","p":{"a":0,"k":[0,0],"ix":2},"a":{"a":0,"k":[0,0],"ix":1},"s":{"a":0,"k":[100,100],"ix":3},"r":{"a":0,"k":0,"ix":6},"o":{"a":0,"k":100,"ix":7},"sk":{"a":0,"k":0,"ix":4},"sa":{"a":0,"k":0,"ix":5},"nm":"Transform"}],"nm":"Shape 1","np":3,"cix":2,"bm":0,"ix":1,"mn":"ADBE Vector Group","hd":false},{"ty":"gr","it":[{"ind":0,"ty":"sh","ix":1,"ks":{"a":0,"k":{"i":[[0,0],[0,0],[0,0]],"o":[[0,0],[0,0],[0,0]],"v":[[246.425,182.217],[259.684,189.435],[290.999,129.533]],"c":false},"ix":2},"nm":"Path 1","mn":"ADBE Vector Shape - Group","hd":false},{"ty":"tr","p":{"a":0,"k":[0,0],"ix":2},"a":{"a":0,"k":[0,0],"ix":1},"s":{"a":0,"k":[100,100],"ix":3},"r":{"a":0,"k":0,"ix":6},"o":{"a":0,"k":100,"ix":7},"sk":{"a":0,"k":0,"ix":4},"sa":{"a":0,"k":0,"ix":5},"nm":"Transform"}],"nm":"Group 1","np":1,"cix":2,"bm":0,"ix":2,"mn":"ADBE Vector Group","hd":false}],"ip":45,"op":87,"st":0,"bm":0},{"ddd":0,"ind":27,"ty":4,"nm":"left leg 3","parent":16,"sr":1,"ks":{"o":{"a":0,"k":100,"ix":11},"r":{"a":0,"k":-28.103,"ix":10},"p":{"a":0,"k":[202.071,242.655,0],"ix":2},"a":{"a":0,"k":[278.733,135,0],"ix":1},"s":{"a":0,"k":[100,100,100],"ix":6}},"ao":0,"shapes":[{"ty":"gr","it":[{"ind":0,"ty":"sh","ix":1,"ks":{"a":1,"k":[{"i":{"x":0.833,"y":0.833},"o":{"x":0.167,"y":0.167},"t":35,"s":[{"i":[[0,0],[0,0],[0,0]],"o":[[0,0],[0,0],[0,0]],"v":[[246.425,182.217],[259.684,189.435],[290.999,129.533]],"c":false}],"e":[{"i":[[0,0],[0,0],[-27.395,11.499]],"o":[[0,0],[0,0],[-7.029,-13.902]],"v":[[246.425,182.217],[259.684,189.435],[277.739,154.761]],"c":false}]},{"t":38}],"ix":2},"nm":"Path 1","mn":"ADBE Vector Shape - Group","hd":false},{"ty":"st","c":{"a":0,"k":[0.521568627451,0.360784313725,0.321568627451,1],"ix":3},"o":{"a":0,"k":100,"ix":4},"w":{"a":0,"k":10,"ix":5},"lc":2,"lj":2,"bm":0,"nm":"Stroke 1","mn":"ADBE Vector Graphic - Stroke","hd":false},{"ty":"tr","p":{"a":0,"k":[0,0],"ix":2},"a":{"a":0,"k":[0,0],"ix":1},"s":{"a":0,"k":[100,100],"ix":3},"r":{"a":0,"k":0,"ix":6},"o":{"a":0,"k":100,"ix":7},"sk":{"a":0,"k":0,"ix":4},"sa":{"a":0,"k":0,"ix":5},"nm":"Transform"}],"nm":"Shape 1","np":3,"cix":2,"bm":0,"ix":1,"mn":"ADBE Vector Group","hd":false}],"ip":-2,"op":45,"st":0,"bm":0},{"ddd":0,"ind":28,"ty":4,"nm":"left leg 2","parent":21,"sr":1,"ks":{"o":{"a":0,"k":100,"ix":11},"r":{"a":1,"k":[{"i":{"x":[0.833],"y":[0.833]},"o":{"x":[0.167],"y":[0.167]},"t":60,"s":[-28.103],"e":[-19.103]},{"i":{"x":[0.833],"y":[0.833]},"o":{"x":[0.167],"y":[0.167]},"t":63,"s":[-19.103],"e":[-28.103]},{"i":{"x":[0.833],"y":[0.833]},"o":{"x":[0.167],"y":[0.167]},"t":67,"s":[-28.103],"e":[-28.103]},{"i":{"x":[0.833],"y":[0.833]},"o":{"x":[0.167],"y":[0.167]},"t":85,"s":[-28.103],"e":[-28.103]},{"i":{"x":[0.833],"y":[0.833]},"o":{"x":[0.167],"y":[0.167]},"t":86,"s":[-28.103],"e":[-32]},{"t":87}],"ix":10},"p":{"a":0,"k":[258.775,405.119,0],"ix":2},"a":{"a":0,"k":[284.274,147.26,0],"ix":1},"s":{"a":0,"k":[100,100,100],"ix":6}},"ao":0,"shapes":[{"ty":"gr","it":[{"ind":0,"ty":"sh","ix":1,"ks":{"a":1,"k":[{"i":{"x":0.833,"y":0.833},"o":{"x":0.167,"y":0.167},"t":44,"s":[{"i":[[0,0],[0,0],[0,0]],"o":[[0,0],[0,0],[0,0]],"v":[[243.193,177.657],[257.098,185.787],[290.999,129.533]],"c":false}],"e":[{"i":[[0,0],[-4,3],[-27.029,7.863]],"o":[[0,0],[-21.205,-18.089],[10,-22]],"v":[[256.631,213.333],[268.631,195.333],[281,148]],"c":false}]},{"i":{"x":0.833,"y":0.833},"o":{"x":0.167,"y":0.167},"t":46,"s":[{"i":[[0,0],[-4,3],[-27.029,7.863]],"o":[[0,0],[-21.205,-18.089],[10,-22]],"v":[[256.631,213.333],[268.631,195.333],[281,148]],"c":false}],"e":[{"i":[[0,0],[-4,3],[-33,-5]],"o":[[0,0],[-40,-13],[10,-22]],"v":[[263,202],[275,184],[281,148]],"c":false}]},{"i":{"x":0.833,"y":0.833},"o":{"x":0.167,"y":0.167},"t":58,"s":[{"i":[[0,0],[-4,3],[-33,-5]],"o":[[0,0],[-40,-13],[10,-22]],"v":[[263,202],[275,184],[281,148]],"c":false}],"e":[{"i":[[0,0],[0,0],[0,0]],"o":[[0,0],[0,0],[0,0]],"v":[[224.864,140.747],[218.331,158.142],[281,148]],"c":false}]},{"i":{"x":0.833,"y":0.833},"o":{"x":0.167,"y":0.167},"t":60,"s":[{"i":[[0,0],[0,0],[0,0]],"o":[[0,0],[0,0],[0,0]],"v":[[224.864,140.747],[218.331,158.142],[281,148]],"c":false}],"e":[{"i":[[0,0],[0,0],[0,0]],"o":[[0,0],[0,0],[0,0]],"v":[[224.864,140.747],[218.331,158.142],[281,148]],"c":false}]},{"i":{"x":0.833,"y":0.833},"o":{"x":0.167,"y":0.167},"t":86,"s":[{"i":[[0,0],[0,0],[0,0]],"o":[[0,0],[0,0],[0,0]],"v":[[224.864,140.747],[218.331,158.142],[281,148]],"c":false}],"e":[{"i":[[0,0],[0,0],[0,0]],"o":[[0,0],[0,0],[0,0]],"v":[[243.193,177.657],[257.098,185.787],[290.999,129.533]],"c":false}]},{"t":87}],"ix":2},"nm":"Path 1","mn":"ADBE Vector Shape - Group","hd":false},{"ty":"st","c":{"a":0,"k":[0.521568627451,0.360784313725,0.321568627451,1],"ix":3},"o":{"a":0,"k":100,"ix":4},"w":{"a":0,"k":10,"ix":5},"lc":2,"lj":2,"bm":0,"nm":"Stroke 1","mn":"ADBE Vector Graphic - Stroke","hd":false},{"ty":"tr","p":{"a":0,"k":[0,0],"ix":2},"a":{"a":0,"k":[0,0],"ix":1},"s":{"a":0,"k":[100,100],"ix":3},"r":{"a":0,"k":0,"ix":6},"o":{"a":0,"k":100,"ix":7},"sk":{"a":0,"k":0,"ix":4},"sa":{"a":0,"k":0,"ix":5},"nm":"Transform"}],"nm":"Shape 1","np":3,"cix":2,"bm":0,"ix":1,"mn":"ADBE Vector Group","hd":false},{"ty":"gr","it":[{"ind":0,"ty":"sh","ix":1,"ks":{"a":0,"k":{"i":[[0,0],[0,0],[0,0]],"o":[[0,0],[0,0],[0,0]],"v":[[246.425,182.217],[259.684,189.435],[290.999,129.533]],"c":false},"ix":2},"nm":"Path 1","mn":"ADBE Vector Shape - Group","hd":false},{"ty":"tr","p":{"a":0,"k":[0,0],"ix":2},"a":{"a":0,"k":[0,0],"ix":1},"s":{"a":0,"k":[100,100],"ix":3},"r":{"a":0,"k":0,"ix":6},"o":{"a":0,"k":100,"ix":7},"sk":{"a":0,"k":0,"ix":4},"sa":{"a":0,"k":0,"ix":5},"nm":"Transform"}],"nm":"Group 1","np":1,"cix":2,"bm":0,"ix":2,"mn":"ADBE Vector Group","hd":false}],"ip":45,"op":87,"st":0,"bm":0},{"ddd":0,"ind":29,"ty":4,"nm":"left leg","parent":16,"sr":1,"ks":{"o":{"a":0,"k":100,"ix":11},"r":{"a":0,"k":-32.103,"ix":10},"p":{"a":0,"k":[140.146,244.836,0],"ix":2},"a":{"a":0,"k":[278.733,135,0],"ix":1},"s":{"a":0,"k":[100,100,100],"ix":6}},"ao":0,"shapes":[{"ty":"gr","it":[{"ind":0,"ty":"sh","ix":1,"ks":{"a":1,"k":[{"i":{"x":0.833,"y":0.833},"o":{"x":0.167,"y":0.167},"t":35,"s":[{"i":[[0,0],[0,0],[0,0]],"o":[[0,0],[0,0],[0,0]],"v":[[243.193,177.657],[257.098,185.787],[290.999,129.533]],"c":false}],"e":[{"i":[[0,0],[0,0],[-28.05,0.011]],"o":[[0,0],[0,0],[12.937,-9.1]],"v":[[243.193,177.657],[257.098,185.787],[272.03,159.54]],"c":false}]},{"i":{"x":0.833,"y":0.833},"o":{"x":0.167,"y":0.167},"t":38,"s":[{"i":[[0,0],[0,0],[-28.05,0.011]],"o":[[0,0],[0,0],[12.937,-9.1]],"v":[[243.193,177.657],[257.098,185.787],[272.03,159.54]],"c":false}],"e":[{"i":[[0,0],[0,0],[0,0]],"o":[[0,0],[0,0],[0,0]],"v":[[243.193,177.657],[257.098,185.787],[290.999,129.533]],"c":false}]},{"t":87}],"ix":2},"nm":"Path 1","mn":"ADBE Vector Shape - Group","hd":false},{"ty":"st","c":{"a":0,"k":[0.521568627451,0.360784313725,0.321568627451,1],"ix":3},"o":{"a":0,"k":100,"ix":4},"w":{"a":0,"k":10,"ix":5},"lc":2,"lj":2,"bm":0,"nm":"Stroke 1","mn":"ADBE Vector Graphic - Stroke","hd":false},{"ty":"tr","p":{"a":0,"k":[0,0],"ix":2},"a":{"a":0,"k":[0,0],"ix":1},"s":{"a":0,"k":[100,100],"ix":3},"r":{"a":0,"k":0,"ix":6},"o":{"a":0,"k":100,"ix":7},"sk":{"a":0,"k":0,"ix":4},"sa":{"a":0,"k":0,"ix":5},"nm":"Transform"}],"nm":"Shape 1","np":3,"cix":2,"bm":0,"ix":1,"mn":"ADBE Vector Group","hd":false}],"ip":-1,"op":45,"st":-1,"bm":0}]}],"layers":[{"ddd":0,"ind":1,"ty":0,"nm":"Avocado Friendship","refId":"comp_0","sr":1,"ks":{"o":{"a":0,"k":100,"ix":11},"r":{"a":0,"k":0,"ix":10},"p":{"a":0,"k":[434,306,0],"ix":2},"a":{"a":0,"k":[1000,1000,0],"ix":1},"s":{"a":0,"k":[48,48,100],"ix":6}},"ao":0,"w":2000,"h":2000,"ip":0,"op":105,"st":0,"bm":0}],"markers":[]}