{
  "project_info": {
    "project_number": "64518622596",
    "firebase_url": "https://diets-b7a1e.firebaseio.com",
    "project_id": "diets-b7a1e",
    "storage_bucket": "diets-b7a1e.appspot.com"
  },
  "client": [
    {
      "client_info": {
        "mobilesdk_app_id": "1:64518622596:android:cf26ab1477f9eccd",
        "android_client_info": {
          "package_name": "com.jundev.diets"
        }
      },
      "oauth_client": [
        {
          "client_id": "64518622596-lkto68jsej016dcgkou9tn23c2mp09d5.apps.googleusercontent.com",
          "client_type": 1,
          "android_info": {
            "package_name": "com.jundev.diets",
            "certificate_hash": "9a3df1a74b48c4ee8e31bddbb54686213c5f241d"
          }
        },
        {
          "client_id": "64518622596-fmuncdo5ho212mglndpfm0bl2e8er33j.apps.googleusercontent.com",
          "client_type": 1,
          "android_info": {
            "package_name": "com.jundev.diets",
            "certificate_hash": "4bc011909dc2d72cedd03ce985928daba7bf1c85"
          }
        },
        {
          "client_id": "64518622596-24o0n0l4dgofeoads2mscbvjp66ce0cs.apps.googleusercontent.com",
          "client_type": 3
        }
      ],
      "api_key": [
        {
          "current_key": "AIzaSyDDuHvBG6zaKW4v59m_Qosud1mhcVHW0LY"
        }
      ],
      "services": {
        "appinvite_service": {
          "other_platform_oauth_client": [
            {
              "client_id": "64518622596-24o0n0l4dgofeoads2mscbvjp66ce0cs.apps.googleusercontent.com",
              "client_type": 3
            }
          ]
        }
      }
    }
  ],
  "configuration_version": "1"
}